math_score,reading_score,writing_score,average_score,total_score,gender_female,gender_male,race/ethnicity_group a,race/ethnicity_group b,race/ethnicity_group c,race/ethnicity_group d,race/ethnicity_group e,parental_level_of_education_associate's degree,parental_level_of_education_bachelor's degree,parental_level_of_education_high school,parental_level_of_education_master's degree,parental_level_of_education_some college,parental_level_of_education_some high school,lunch_free/reduced,lunch_standard,test_preparation_course_completed,test_preparation_course_none,performance_average,performance_excellent,performance_good,performance_poor,pass_status_fail,pass_status_pass
0.3912181707455709,0.1930847239249865,0.3921181019366646,0.3438373873227493,0.3438373873227493,True,False,False,True,False,False,False,False,True,False,False,False,False,False,True,False,True,False,False,True,False,False,True
0.19007772306147255,1.4347871285872762,1.3216815989608244,1.0296380343380418,1.0296380343380422,True,False,False,False,True,False,False,False,False,False,False,True,False,False,True,True,False,False,True,False,False,False,True
1.598060856850161,1.77970446321569,1.6536685621837386,1.7627352776992178,1.7627352776992176,True,False,False,True,False,False,False,False,False,False,True,False,False,False,True,False,True,False,True,False,False,False,True
-1.2849522266219155,-0.8416672799602549,-1.5998036774008206,-1.3115434847831307,-1.3115434847831304,False,True,True,False,False,False,False,True,False,False,False,False,False,True,False,False,True,True,False,False,False,False,True
0.6594054343243687,0.606985525479083,0.4585154945812474,0.6039686672251012,0.6039686672251018,False,True,False,False,True,False,False,False,False,False,False,True,False,False,True,False,True,False,False,True,False,False,True
0.32417135485087145,0.9519028601074969,0.657707672514996,0.6749135617439246,0.6749135617439252,True,False,False,True,False,False,False,True,False,False,False,False,False,False,True,False,True,False,False,True,False,False,True
1.4639672250607623,1.77970446321569,1.5872711695391557,1.6917903831803944,1.6917903831803942,True,False,False,True,False,False,False,False,False,False,False,True,False,False,True,True,False,False,True,False,False,False,True
-1.7542799378848117,-1.8074358169198135,-1.9317906406237348,-1.9263992372796006,-1.9263992372796,False,True,False,True,False,False,False,False,False,False,False,True,False,True,False,False,True,True,False,False,False,True,False
-0.14515635641202473,-0.3587830114804756,-0.07266364657541531,-0.20007347065489722,-0.20007347065489686,False,True,False,False,False,True,False,False,False,True,False,False,False,True,False,True,False,False,False,True,False,False,True
-1.8883735696742106,-0.6347168791832066,-1.2014193215333235,-1.3115434847831307,-1.3115434847831304,True,False,False,True,False,False,False,False,False,True,False,False,False,True,False,False,True,True,False,False,False,True,False
-0.5474372517802215,-1.048617680737303,-1.068624536244158,-0.9331707140160728,-0.9331707140160721,False,True,False,False,True,False,False,True,False,False,False,False,False,False,True,False,True,True,False,False,False,False,True
-1.7542799378848117,-1.1865846145886687,-1.6662010700454035,-1.6189713610313656,-1.6189713610313652,False,True,False,False,False,True,False,True,False,False,False,False,False,False,True,False,True,True,False,False,False,False,True
-0.07810954051732528,0.8139359262561313,0.32572070929208174,0.36748568549569016,0.36748568549569044,True,False,False,True,False,False,False,False,False,True,False,False,False,False,True,False,True,False,False,True,False,False,True
0.7934990661137676,0.1930847239249865,0.12652853135833322,0.39113398366863095,0.3911339836686316,False,True,True,False,False,False,False,False,False,False,False,True,False,False,True,True,False,False,False,True,False,False,True
-1.0838117789378172,-1.117601147662986,-0.6702401803766609,-1.0041156085348961,-1.0041156085348955,True,False,True,False,False,False,False,False,False,False,True,False,False,False,True,False,True,True,False,False,False,False,True
0.19007772306147255,0.4000351247020348,0.657707672514996,0.43843058001451357,0.43843058001451385,True,False,False,False,True,False,False,False,False,False,False,False,True,False,True,False,True,False,False,True,False,False,True
1.4639672250607623,1.3658036616615934,1.1888868136716586,1.4080108051051006,1.4080108051051006,False,True,False,False,True,False,False,False,False,True,False,False,False,False,True,False,True,False,True,False,False,False,True
-2.6258885445159046,-2.566253953102324,-2.662161959714146,-2.7540896733325404,-2.75408967333254,True,False,False,True,False,False,False,False,False,False,False,False,True,True,False,False,True,False,False,False,True,True,False
-1.351999042516615,-1.8764192838454963,-1.4670088921116549,-1.642619659204307,-1.6426196592043063,False,True,False,False,True,False,False,False,False,False,True,False,False,True,False,True,False,True,False,False,False,False,True
-0.8156245153590194,-0.7726838130345721,-0.47104800244291234,-0.7203360304596025,-0.7203360304596019,True,False,False,False,True,False,False,True,False,False,False,False,False,True,False,False,True,True,False,False,False,False,True
-0.01106272462262583,-0.013865676852061781,-0.3382532171537467,-0.12912857613607379,-0.12912857613607345,False,True,False,False,False,True,False,False,False,True,False,False,False,False,True,False,True,False,False,True,False,False,True
-0.07810954051732528,0.4000351247020348,0.12652853135833322,0.15465100193921988,0.1546510019392202,True,False,False,True,False,False,False,False,False,False,False,True,False,True,False,True,False,False,False,True,False,False,True
-1.4860926743060139,-1.048617680737303,-1.002227143599575,-1.2405985902643073,-1.2405985902643069,False,True,False,False,False,True,False,False,False,False,False,True,False,False,True,False,True,True,False,False,False,False,True
0.19007772306147255,0.26206819085066924,0.32572070929208174,0.2728924928039259,0.2728924928039259,True,False,False,False,True,False,False,False,False,False,False,False,True,False,True,False,True,False,False,True,False,False,True
0.5253118025349698,0.12410125699930374,0.7905024578041616,0.509375474533337,0.5093754745333373,False,True,False,False,False,True,False,False,True,False,False,False,False,True,False,True,False,False,False,True,False,False,True
0.4582649866402704,0.33105165777635204,0.2593233166474989,0.36748568549569016,0.36748568549569044,False,True,True,False,False,False,False,False,False,False,True,False,False,True,False,False,True,False,False,True,False,False,True
0.19007772306147255,-1.048617680737303,-0.8694323583104093,-0.6020945395948964,-0.6020945395948962,False,True,False,True,False,False,False,False,False,False,False,True,False,False,True,False,True,True,False,False,False,False,True
0.05598409127207363,-0.013865676852061781,0.4585154945812474,0.1782993001121607,0.17829930011216136,True,False,False,False,True,False,False,False,True,False,False,False,False,False,True,False,True,False,False,True,False,False,True
0.257124538956172,0.055117790073620984,-0.205458431864581,0.03640951107451385,0.03640951107451452,False,True,False,False,True,False,False,False,False,True,False,False,False,False,True,False,True,False,False,True,False,False,True
-0.27924998820142366,0.055117790073620984,0.4585154945812474,0.08370610742039647,0.0837061074203968,True,False,False,False,False,True,False,False,False,False,True,False,False,False,True,False,True,False,False,True,False,False,True
0.19007772306147255,0.33105165777635204,0.3921181019366646,0.32018908914980754,0.3201890891498082,True,False,False,False,False,True,False,False,False,False,False,True,False,False,True,False,True,False,False,True,False,False,True
-0.2122031723067242,-0.28979954455479284,-0.47104800244291234,-0.34196325969254404,-0.3419632596925437,True,False,False,True,False,False,False,False,False,False,False,True,False,False,True,False,True,False,False,True,False,False,True
-0.6815308835696204,0.1930847239249865,-0.205458431864581,-0.24737006700077982,-0.24737006700077913,True,False,False,False,False,False,True,False,False,False,True,False,False,True,False,False,True,False,False,True,False,False,True
-1.7542799378848117,-1.8764192838454963,-1.9981880332683177,-1.9736958336254826,-1.9736958336254822,False,True,False,False,False,True,False,False,False,False,False,True,False,False,True,False,True,True,False,False,False,True,False
2.0673885681130573,1.227836727810228,0.9232972430933273,1.4789556996239241,1.478955699623924,False,True,False,False,False,False,True,False,False,False,False,True,False,False,True,False,True,False,True,False,False,False,True
0.9946395137978661,0.8139359262561313,0.7241050651595787,0.8877482453003949,0.8877482453003955,False,True,False,False,False,False,True,True,False,False,False,False,False,False,True,True,False,False,True,False,False,False,True
0.5253118025349698,0.8139359262561313,0.9896946357379102,0.8168033507815715,0.8168033507815721,True,False,False,False,False,True,False,True,False,False,False,False,False,False,True,False,True,False,False,True,False,False,True
-1.0838117789378172,-0.3587830114804756,-0.603842787732078,-0.7203360304596025,-0.7203360304596019,True,False,False,False,False,True,False,False,False,False,False,False,True,True,False,False,True,True,False,False,False,False,True
0.5923586184296693,1.4347871285872762,1.3216815989608244,1.1715278233756885,1.1715278233756892,True,False,False,False,False,True,False,True,False,False,False,False,False,True,False,True,False,False,True,False,False,False,True
-0.6144840676749209,-0.9106507468859377,-0.7366375730212437,-0.7912809249784258,-0.7912809249784253,False,True,False,True,False,False,False,True,False,False,False,False,False,True,False,False,True,True,False,False,False,False,True
-0.7485776994643198,-0.5657334122575238,-0.9358297509549922,-0.7912809249784258,-0.7912809249784253,False,True,False,False,True,False,False,True,False,False,False,False,False,True,False,False,True,True,False,False,False,False,True
-0.5474372517802215,0.26206819085066924,-0.006266253930832468,-0.10548027796313299,-0.10548027796313231,True,False,False,False,True,False,False,True,False,False,False,False,False,False,True,False,True,False,False,True,False,False,True
-0.8826713312537188,-0.7726838130345721,-0.205458431864581,-0.649391135940779,-0.6493911359407785,True,False,False,True,False,False,False,True,False,False,False,False,False,False,True,False,True,True,False,False,False,False,True
-0.48039043588552205,-0.28979954455479284,-0.13906103921999816,-0.31831496151960276,-0.31831496151960254,False,True,False,True,False,False,False,False,False,False,False,True,False,True,False,True,False,False,False,True,False,False,True
-1.0838117789378172,-0.9106507468859377,-0.9358297509549922,-1.027763906707837,-1.0277639067078368,True,False,False,False,False,False,True,True,False,False,False,False,False,True,False,False,True,True,False,False,False,False,True
-0.07810954051732528,-1.048617680737303,-0.7366375730212437,-0.649391135940779,-0.6493911359407785,False,True,False,True,False,False,False,True,False,False,False,False,False,False,True,False,True,True,False,False,False,False,True
-0.7485776994643198,-0.28979954455479284,-0.4046506097983295,-0.5075013469031322,-0.5075013469031316,True,False,True,False,False,False,False,True,False,False,False,False,False,False,True,True,False,False,False,True,False,False,True
-0.01106272462262583,0.12410125699930374,0.5249128872258303,0.22559589645804332,0.22559589645804362,True,False,False,False,True,False,False,False,False,True,False,False,False,False,True,False,True,False,False,True,False,False,True
-0.6144840676749209,0.33105165777635204,0.5249128872258303,0.08370610742039647,0.0837061074203968,True,False,False,False,False,True,False,True,False,False,False,False,False,True,False,True,False,False,False,True,False,False,True
1.0616863296925656,1.0208863270331796,0.9232972430933273,1.0532863325109836,1.0532863325109834,False,True,False,False,True,False,False,False,False,True,False,False,False,False,True,True,False,False,True,False,False,False,True
-0.8826713312537188,-0.9796342138116204,-1.3342141068224893,-1.1223570993996017,-1.1223570993996013,False,True,False,False,False,False,True,False,False,False,False,True,False,False,True,False,True,True,False,False,False,False,True
0.7264522502190682,-0.013865676852061781,-0.006266253930832468,0.2492441946309841,0.24924419463098477,False,True,False,False,False,False,True,True,False,False,False,False,False,True,False,True,False,False,False,True,False,False,True
-0.8826713312537188,-1.738452349994131,-1.7325984626899862,-1.524378168339601,-1.5243781683396005,False,True,False,False,True,False,False,False,False,False,False,True,False,False,True,False,True,True,False,False,False,False,True
1.4639672250607623,0.606985525479083,0.4585154945812474,0.8877482453003949,0.8877482453003955,False,True,False,False,False,True,False,False,False,True,False,False,False,False,True,False,True,False,True,False,False,False,True
0.32417135485087145,1.0208863270331796,1.2552842063162415,0.9113965434733368,0.9113965434733367,True,False,False,False,True,False,False,False,False,False,False,False,True,True,False,True,False,False,True,False,False,False,True
-2.223607649147708,-1.945402750771179,-1.6662010700454035,-2.044640728144306,-2.0446407281443055,True,False,False,False,True,False,False,False,False,True,False,False,False,True,False,False,True,False,False,False,True,True,False
1.0616863296925656,1.0898697939588624,1.1888868136716586,1.1715278233756885,1.1715278233756892,True,False,False,False,False,False,True,True,False,False,False,False,False,False,True,True,False,False,True,False,False,False,True
-0.9497181471484183,-0.9796342138116204,-1.2678167141779064,-1.1223570993996017,-1.1223570993996013,False,True,False,False,False,True,False,True,False,False,False,False,False,False,True,False,True,True,False,False,False,False,True
-0.5474372517802215,-0.7037003461088894,-0.6702401803766609,-0.6730394341137198,-0.6730394341137196,False,True,False,False,False,True,False,False,False,False,False,True,False,False,True,True,False,True,False,False,False,False,True
-2.6258885445159046,-2.7732043538793723,-2.8032564190838847,-2.8752872014688635,-2.875287201468863,True,False,False,False,True,False,False,False,False,False,False,False,True,True,False,False,True,False,False,False,True,True,False
0.8605458820084672,0.33105165777635204,0.2593233166474989,0.509375474533337,0.5093754745333373,False,True,False,False,False,False,True,False,True,False,False,False,False,True,False,True,False,False,False,True,False,False,True
-1.8213267537795113,-2.0833696846225447,-2.263777603846649,-2.1628822190090116,-2.162882219009011,False,True,True,False,False,False,False,False,False,False,False,False,True,True,False,False,True,False,False,False,True,True,False
-0.27924998820142366,-0.5657334122575238,-0.8694323583104093,-0.6020945395948964,-0.6020945395948962,False,True,True,False,False,False,False,True,False,False,False,False,False,True,False,False,True,True,False,False,False,False,True
0.19007772306147255,0.7449524593304486,0.19292592400291605,0.39113398366863095,0.3911339836686316,True,False,False,False,True,False,False,True,False,False,False,False,False,False,True,False,True,False,False,True,False,False,True
-0.48039043588552205,-0.7726838130345721,-0.603842787732078,-0.649391135940779,-0.6493911359407785,True,False,False,False,False,True,False,False,False,False,False,False,True,False,True,False,True,True,False,False,False,False,True
0.05598409127207363,-0.3587830114804756,-0.47104800244291234,-0.27101836517372063,-0.2710183651737203,False,True,False,True,False,False,False,False,False,False,False,False,True,False,True,False,True,False,False,True,False,False,True
-1.4190458584113144,-2.2213366184739103,-2.0645854259129006,-1.997344131798424,-1.9973441317984233,False,True,False,False,False,True,False,False,False,False,False,False,True,True,False,False,True,False,False,False,True,True,False
-0.4133436199908226,0.1930847239249865,0.3921181019366646,0.060057809247455664,0.06005780924745566,True,False,False,False,True,False,False,False,False,False,False,True,False,False,True,False,True,False,False,True,False,False,True
-0.3462968040961231,-0.7726838130345721,-0.8030349656658266,-0.6730394341137198,-0.6730394341137196,False,True,False,True,False,False,False,True,False,False,False,False,False,True,False,False,True,True,False,False,False,False,True
-1.8213267537795113,-0.3587830114804756,-0.7366375730212437,-1.027763906707837,-1.0277639067078368,True,False,False,False,True,False,False,True,False,False,False,False,False,False,True,False,True,True,False,False,False,True,False
-0.5474372517802215,-0.42776647840615833,0.32572070929208174,-0.223721768827838,-0.223721768827838,True,False,False,False,False,True,False,False,False,False,False,True,False,True,False,True,False,False,False,True,False,False,True
-0.2122031723067242,-0.9796342138116204,-0.3382532171537467,-0.531149645076073,-0.5311496450760728,False,True,False,False,False,True,False,False,False,False,False,True,False,False,True,True,False,False,False,True,False,False,True
-1.6872331219901122,-1.2555680815143515,-1.3342141068224893,-1.50072987016666,-1.5007298701666594,True,False,True,False,False,False,False,True,False,False,False,False,False,True,False,False,True,True,False,False,False,False,True
-0.3462968040961231,-0.8416672799602549,-0.8030349656658266,-0.6966877322866611,-0.6966877322866608,False,True,False,False,True,False,False,False,False,False,False,False,True,True,False,False,True,True,False,False,False,False,True
-1.1508585948325165,-1.393535015365717,-1.798995855334569,-1.524378168339601,-1.5243781683396005,False,True,False,False,True,False,False,False,False,False,False,False,True,False,True,False,True,True,False,False,False,False,True
-1.4860926743060139,-1.945402750771179,-1.9981880332683177,-1.9027509391066593,-1.9027509391066588,False,True,False,True,False,False,False,True,False,False,False,False,False,True,False,False,True,True,False,False,False,True,False
-2.4247480968318063,-2.7732043538793723,-2.8032564190838847,-2.8043423069500397,-2.8043423069500397,False,True,False,False,False,False,True,False,False,False,False,False,True,False,True,False,True,False,False,False,True,True,False
0.9275926979031666,0.606985525479083,0.8568998504487444,0.8404516489545133,0.8404516489545132,False,True,True,False,False,False,False,False,True,False,False,False,False,False,True,True,False,False,False,True,False,False,True
-0.3462968040961231,0.33105165777635204,0.2593233166474989,0.08370610742039647,0.0837061074203968,True,False,False,False,False,True,False,False,False,False,False,False,True,False,True,True,False,False,False,True,False,False,True
-0.27924998820142366,-0.08284914377774454,-0.006266253930832468,-0.12912857613607379,-0.12912857613607345,True,False,False,False,False,False,True,False,False,False,True,False,False,False,True,False,True,False,False,True,False,False,True
-1.2849522266219155,-1.393535015365717,-1.2014193215333235,-1.3588400811290133,-1.3588400811290127,True,False,False,True,False,False,False,True,False,False,False,False,False,False,True,False,True,True,False,False,False,False,True
-1.1508585948325165,-1.669468883068448,-1.5334062847562377,-1.524378168339601,-1.5243781683396005,False,True,False,True,False,False,False,False,False,True,False,False,False,True,False,False,True,True,False,False,False,False,True
-1.0838117789378172,-1.5315019492170825,-0.9358297509549922,-1.2405985902643073,-1.2405985902643069,False,True,True,False,False,False,False,False,False,False,False,True,False,True,False,True,False,True,False,False,False,False,True
0.3912181707455709,-0.3587830114804756,-0.3382532171537467,-0.10548027796313299,-0.10548027796313231,False,True,False,False,False,False,True,True,False,False,False,False,False,False,True,False,True,False,False,True,False,False,True
-1.620186306095413,-2.0833696846225447,-2.263777603846649,-2.091937324490188,-2.0919373244901878,False,True,False,False,False,True,False,False,False,True,False,False,False,True,False,False,True,False,False,False,True,True,False
0.4582649866402704,0.7449524593304486,0.9232972430933273,0.745858456262748,0.7458584562627487,True,False,False,False,True,False,False,False,False,False,False,True,False,False,True,False,True,False,False,True,False,False,True
0.6594054343243687,0.9519028601074969,1.3216815989608244,1.0296380343380418,1.0296380343380422,True,False,False,False,True,False,False,False,False,False,False,True,False,True,False,False,True,False,True,False,False,False,True
0.32417135485087145,0.12410125699930374,0.3921181019366646,0.29654079097686675,0.29654079097686703,True,False,False,False,False,True,False,True,False,False,False,False,False,False,True,False,True,False,False,True,False,False,True
-0.5474372517802215,0.055117790073620984,-0.07266364657541531,-0.20007347065489722,-0.20007347065489686,True,False,True,False,False,False,False,False,False,False,False,True,False,False,True,False,True,False,False,True,False,False,True
0.4582649866402704,1.1588532608845452,0.9232972430933273,0.8877482453003949,0.8877482453003955,True,False,False,False,False,True,False,False,False,False,False,False,True,False,True,False,True,False,True,False,False,False,True
-0.07810954051732528,0.1930847239249865,0.3921181019366646,0.1782993001121607,0.17829930011216136,True,False,False,False,True,False,False,False,True,False,False,False,False,False,True,False,True,False,False,True,False,False,True
-2.6258885445159046,-2.4282870192509582,-2.1309828185574835,-2.5176066916031288,-2.5176066916031283,False,True,False,False,True,False,False,False,False,True,False,False,False,True,False,False,True,False,False,False,True,True,False
0.32417135485087145,0.6759689924047658,0.19292592400291605,0.4147822818415728,0.41478228184157273,False,True,False,False,True,False,False,False,False,True,False,False,False,False,True,False,True,False,False,True,False,False,True
-1.5531394902007134,-1.669468883068448,-1.2014193215333235,-1.5480264665125423,-1.5480264665125418,False,True,False,False,True,False,False,True,False,False,False,False,False,True,False,True,False,True,False,False,False,False,True
0.8605458820084672,1.1588532608845452,1.5872711695391557,1.2661210160674539,1.2661210160674536,True,False,False,True,False,False,False,False,False,False,False,True,False,False,True,False,True,False,True,False,False,False,True
0.7934990661137676,0.8139359262561313,0.9232972430933273,0.8877482453003949,0.8877482453003955,False,True,False,False,True,False,False,True,False,False,False,False,False,True,False,True,False,False,True,False,False,False,True
-0.07810954051732528,-0.22081607762911007,-0.4046506097983295,-0.24737006700077982,-0.24737006700077913,False,True,False,True,False,False,False,False,False,False,False,False,True,False,True,True,False,False,False,True,False,False,True
-0.2122031723067242,0.1930847239249865,0.12652853135833322,0.03640951107451385,0.03640951107451452,True,False,False,False,False,False,True,False,False,False,False,True,False,False,True,True,False,False,False,True,False,False,True
-0.5474372517802215,-0.1518326107034273,-0.4046506097983295,-0.38925985603842617,-0.38925985603842594,True,False,False,False,False,True,False,False,False,False,False,True,False,True,False,False,True,False,False,True,False,False,True
-0.07810954051732528,-0.1518326107034273,-0.4046506097983295,-0.223721768827838,-0.223721768827838,True,False,False,False,False,True,False,False,True,False,False,False,False,False,True,False,True,False,False,True,False,False,True
0.8605458820084672,-0.1518326107034273,-0.07266364657541531,0.22559589645804332,0.22559589645804362,False,True,False,True,False,False,False,False,False,False,False,True,False,False,True,False,True,False,False,True,False,False,True
0.12303090716677309,0.33105165777635204,0.3921181019366646,0.29654079097686675,0.29654079097686703,False,True,False,False,False,True,False,False,True,False,False,False,False,False,True,True,False,False,False,True,False,False,True
1.262826777376664,1.503770595512959,1.388078991605407,1.4553074014509824,1.4553074014509828,True,False,False,False,False,True,False,True,False,False,False,False,False,False,True,False,True,False,True,False,False,False,True
-0.4133436199908226,-1.738452349994131,-1.400611499467072,-1.2405985902643073,-1.2405985902643069,False,True,False,True,False,False,False,False,False,True,False,False,False,False,True,True,False,True,False,False,False,False,True
2.134435384007757,1.1588532608845452,1.45447638424999,1.6681420850074524,1.668142085007453,False,True,False,False,True,False,False,False,False,False,False,True,False,False,True,True,False,False,True,False,False,False,True
-0.5474372517802215,-0.1518326107034273,0.2593233166474989,-0.1527768743090146,-0.15277687430901457,True,False,False,False,True,False,False,False,False,False,False,True,False,False,True,False,True,False,False,True,False,False,True
1.3969204091660627,2.124621797844104,2.1184503106958186,1.975569961255688,1.9755699612556878,True,False,False,False,False,True,False,False,False,False,True,False,False,False,True,False,True,False,True,False,False,False,True
-0.01106272462262583,-0.42776647840615833,-0.27185582450916385,-0.24737006700077982,-0.24737006700077913,False,True,False,False,False,False,True,True,False,False,False,False,False,False,True,True,False,False,False,True,False,False,True
-0.9497181471484183,0.46901859162771753,0.12652853135833322,-0.12912857613607379,-0.12912857613607345,True,False,False,True,False,False,False,True,False,False,False,False,False,True,False,False,True,False,False,True,False,False,True
0.257124538956172,-0.3587830114804756,0.2593233166474989,0.060057809247455664,0.06005780924745566,True,False,False,True,False,False,False,False,False,False,False,False,True,False,True,False,True,False,False,True,False,False,True
0.7264522502190682,1.3658036616615934,1.9856555254066528,1.4316591032780415,1.4316591032780417,True,False,False,False,False,True,False,True,False,False,False,False,False,True,False,True,False,False,True,False,False,False,True
-0.27924998820142366,-0.9796342138116204,-1.2678167141779064,-0.8858741176701901,-0.8858741176701899,False,True,False,False,True,False,False,False,False,True,False,False,False,False,True,False,True,True,False,False,False,False,True
-0.8156245153590194,-1.117601147662986,-1.400611499467072,-1.1696536957454837,-1.1696536957454835,False,True,True,False,False,False,False,True,False,False,False,False,False,False,True,False,True,True,False,False,False,False,True
-1.0167649630431177,-0.7726838130345721,-0.9358297509549922,-0.9568190121890136,-0.9568190121890133,True,False,False,False,False,True,False,False,False,False,False,True,False,False,True,False,True,True,False,False,False,False,True
2.2014821999024563,2.124621797844104,2.1184503106958186,2.2593495393309815,2.2593495393309815,True,False,False,False,False,False,True,False,True,False,False,False,False,False,True,True,False,False,True,False,False,False,True
1.1957799614819644,0.5380020585534003,0.3921181019366646,0.745858456262748,0.7458584562627487,False,True,False,False,True,False,False,False,False,True,False,False,False,False,True,False,True,False,False,True,False,False,True
0.5923586184296693,1.0898697939588624,0.9232972430933273,0.9113965434733368,0.9113965434733367,True,False,False,True,False,False,False,False,True,False,False,False,False,True,False,False,True,False,True,False,False,False,True
0.7934990661137676,0.8829193931818141,0.7241050651595787,0.8404516489545133,0.8404516489545132,True,False,False,False,False,True,False,False,True,False,False,False,False,False,True,False,True,False,False,True,False,False,True
-1.0167649630431177,-0.42776647840615833,-0.47104800244291234,-0.6730394341137198,-0.6730394341137196,True,False,False,False,False,True,False,False,False,False,False,False,True,False,True,False,True,True,False,False,False,False,True
-0.7485776994643198,-0.013865676852061781,-0.205458431864581,-0.34196325969254404,-0.3419632596925437,True,False,False,False,True,False,False,False,False,False,False,True,False,False,True,False,True,False,False,True,False,False,True
0.8605458820084672,1.5727540624386418,1.388078991605407,1.3370659105862772,1.3370659105862772,True,False,False,False,True,False,False,False,True,False,False,False,False,False,True,True,False,False,True,False,False,False,True
1.6651076727448606,1.3658036616615934,1.5872711695391557,1.6208454886615709,1.6208454886615709,False,True,False,True,False,False,False,True,False,False,False,False,False,False,True,True,False,False,True,False,False,False,True
1.4639672250607623,1.6417375293643244,1.6536685621837386,1.6681420850074524,1.668142085007453,True,False,False,False,True,False,False,False,False,False,False,True,False,False,True,True,False,False,True,False,False,False,True
-0.2122031723067242,-0.8416672799602549,-0.8030349656658266,-0.649391135940779,-0.6493911359407785,False,True,False,False,False,True,False,False,False,True,False,False,False,True,False,False,True,True,False,False,False,False,True
1.128733145587265,0.7449524593304486,0.32572070929208174,0.7695067544356898,0.7695067544356898,False,True,False,False,False,False,True,False,False,False,False,True,False,False,True,False,True,False,False,True,False,False,True
1.3969204091660627,1.77970446321569,1.1888868136716586,1.5262522959698057,1.5262522959698062,True,False,False,True,False,False,False,False,False,True,False,False,False,False,True,False,True,False,True,False,False,False,True
0.3912181707455709,-0.08284914377774454,-0.07266364657541531,0.08370610742039647,0.0837061074203968,False,True,False,True,False,False,False,False,False,False,False,False,True,False,True,False,True,False,False,True,False,False,True
-0.07810954051732528,0.5380020585534003,0.3921181019366646,0.29654079097686675,0.29654079097686703,False,True,False,False,False,True,False,False,False,False,False,True,False,False,True,True,False,False,False,True,False,False,True
1.0616863296925656,0.8829193931818141,0.3921181019366646,0.8168033507815715,0.8168033507815721,False,True,False,False,False,True,False,False,False,False,True,False,False,False,True,False,True,False,False,True,False,False,True
-1.0167649630431177,-1.393535015365717,-1.1350219288887406,-1.2405985902643073,-1.2405985902643069,True,False,True,False,False,False,False,False,True,False,False,False,False,False,True,False,True,True,False,False,False,False,True
1.5310140409554618,1.0208863270331796,0.9232972430933273,1.2188244197215712,1.2188244197215714,False,True,False,False,False,True,False,False,False,False,True,False,False,False,True,False,True,False,True,False,False,False,True
-0.8826713312537188,-2.2213366184739103,-1.865393247979152,-1.7372128518960712,-1.7372128518960708,False,True,False,False,True,False,False,False,False,False,False,False,True,True,False,True,False,True,False,False,False,True,False
1.3969204091660627,0.33105165777635204,0.12652853135833322,0.6512652635709838,0.6512652635709841,False,True,False,False,False,False,True,False,False,False,False,True,False,True,False,True,False,False,False,True,False,False,True
0.5923586184296693,0.8139359262561313,1.056092028382493,0.8640999471274541,0.8640999471274543,True,False,False,False,True,False,False,False,False,False,False,True,False,False,True,True,False,False,True,False,False,False,True
0.5253118025349698,0.6759689924047658,0.4585154945812474,0.5803203690521604,0.5803203690521607,False,True,False,False,False,True,False,False,True,False,False,False,False,True,False,True,False,False,False,True,False,False,True
-0.5474372517802215,-0.9796342138116204,-1.3342141068224893,-1.0041156085348961,-1.0041156085348955,False,True,False,False,True,False,False,False,True,False,False,False,False,False,True,False,True,True,False,False,False,False,True
-1.0167649630431177,-1.048617680737303,-1.798995855334569,-1.3588400811290133,-1.3588400811290127,False,True,False,True,False,False,False,False,False,False,False,False,True,False,True,True,False,True,False,False,False,False,True
0.257124538956172,-0.9796342138116204,-0.8030349656658266,-0.531149645076073,-0.5311496450760728,False,True,False,False,False,False,True,False,False,True,False,False,False,False,True,False,True,False,False,True,False,False,True
-0.48039043588552205,-0.22081607762911007,-0.07266364657541531,-0.27101836517372063,-0.2710183651737203,True,False,False,False,True,False,False,True,False,False,False,False,False,False,True,False,True,False,False,True,False,False,True
0.32417135485087145,-0.5657334122575238,0.06013113871375037,-0.05818368161725037,-0.05818368161725003,False,True,False,False,False,True,False,False,False,False,False,True,False,False,True,True,False,False,False,True,False,False,True
0.6594054343243687,0.1930847239249865,0.19292592400291605,0.36748568549569016,0.36748568549569044,True,False,False,False,False,True,False,False,False,False,False,False,True,False,True,False,True,False,False,True,False,False,True
-0.48039043588552205,-0.4967499453318411,-0.27185582450916385,-0.4365564523843088,-0.43655645238430824,True,False,False,False,True,False,False,False,False,False,False,True,False,True,False,False,True,False,False,True,False,False,True
-1.620186306095413,-0.9796342138116204,-0.9358297509549922,-1.2405985902643073,-1.2405985902643069,True,False,False,False,False,False,True,False,False,False,False,True,False,True,False,True,False,True,False,False,False,False,True
-0.6144840676749209,-1.8074358169198135,-1.400611499467072,-1.335191782956072,-1.3351917829560715,False,True,True,False,False,False,False,False,False,True,False,False,False,False,True,False,True,True,False,False,False,False,True
1.4639672250607623,0.26206819085066924,0.657707672514996,0.8404516489545133,0.8404516489545132,False,True,False,False,False,True,False,False,False,False,False,True,False,False,True,False,True,False,False,True,False,False,True
-2.6258885445159046,-2.0833696846225447,-2.3301749964912317,-2.4703100952572465,-2.470310095257246,True,False,False,False,True,False,False,False,False,False,False,True,False,True,False,False,True,False,False,False,True,True,False
1.4639672250607623,1.0208863270331796,0.4585154945812474,1.0296380343380418,1.0296380343380422,False,True,False,True,False,False,False,False,False,False,False,False,True,False,True,False,True,False,True,False,False,False,True
0.4582649866402704,-0.08284914377774454,-0.13906103921999816,0.08370610742039647,0.0837061074203968,False,True,False,False,True,False,False,True,False,False,False,False,False,True,False,False,True,False,False,True,False,False,True
0.12303090716677309,0.4000351247020348,0.8568998504487444,0.4857271763603962,0.48572717636039614,True,False,False,False,False,True,False,False,True,False,False,False,False,False,True,True,False,False,False,True,False,False,True
2.2685290157971556,2.124621797844104,1.6536685621837386,2.1174597502933348,2.1174597502933348,False,True,False,False,False,False,True,True,False,False,False,False,False,True,False,True,False,False,True,False,False,False,True
-0.27924998820142366,-0.1518326107034273,0.06013113871375037,-0.12912857613607379,-0.12912857613607345,False,True,True,False,False,False,False,False,False,False,False,False,True,False,True,True,False,False,False,True,False,False,True
0.7264522502190682,-0.1518326107034273,-0.006266253930832468,0.2019475982851025,0.20194759828510248,False,True,True,False,False,False,False,False,True,False,False,False,False,False,True,False,True,False,False,True,False,False,True
-0.48039043588552205,0.055117790073620984,-0.13906103921999816,-0.20007347065489722,-0.20007347065489686,True,False,False,True,False,False,False,True,False,False,False,False,False,False,True,True,False,False,False,True,False,False,True
-0.8156245153590194,-1.393535015365717,-1.400611499467072,-1.2642468884372484,-1.264246888437248,False,True,False,False,False,True,False,False,True,False,False,False,False,False,True,False,True,True,False,False,False,False,True
-0.27924998820142366,-0.1518326107034273,-0.47104800244291234,-0.31831496151960276,-0.31831496151960254,False,True,False,False,False,True,False,False,False,False,False,False,True,False,True,False,True,False,False,True,False,False,True
0.257124538956172,1.3658036616615934,1.3216815989608244,1.0296380343380418,1.0296380343380422,True,False,False,False,True,False,False,False,False,False,False,True,False,False,True,True,False,False,True,False,False,False,True
-0.01106272462262583,0.33105165777635204,0.657707672514996,0.3438373873227493,0.3438373873227493,True,False,False,False,False,False,True,False,False,True,False,False,False,True,False,True,False,False,False,True,False,False,True
-0.4133436199908226,-0.6347168791832066,-0.5374453950874952,-0.5547979432490143,-0.5547979432490139,False,True,False,True,False,False,False,False,False,False,False,True,False,True,False,False,True,False,False,True,False,False,True
-0.3462968040961231,1.1588532608845452,1.2552842063162415,0.7222101580898073,0.7222101580898075,True,False,False,True,False,False,False,True,False,False,False,False,False,False,True,True,False,False,False,True,False,False,True
-0.01106272462262583,-0.4967499453318411,-0.27185582450916385,-0.27101836517372063,-0.2710183651737203,False,True,False,False,False,True,False,True,False,False,False,False,False,True,False,False,True,False,False,True,False,False,True
1.0616863296925656,0.606985525479083,0.3921181019366646,0.7222101580898073,0.7222101580898075,False,True,False,True,False,False,False,True,False,False,False,False,False,True,False,True,False,False,False,True,False,False,True
0.5923586184296693,1.2968201947359106,1.1224894210270757,1.0532863325109836,1.0532863325109834,True,False,False,False,False,False,True,False,False,False,False,True,False,True,False,True,False,False,True,False,False,False,True
-1.1508585948325165,-1.117601147662986,-1.068624536244158,-1.1696536957454837,-1.1696536957454835,False,True,False,True,False,False,False,False,False,False,True,False,False,True,False,False,True,True,False,False,False,False,True
-0.9497181471484183,-1.117601147662986,-1.2678167141779064,-1.1696536957454837,-1.1696536957454835,False,True,False,False,True,False,False,False,False,True,False,False,False,False,True,False,True,True,False,False,False,False,True
0.9946395137978661,1.5727540624386418,1.5208737768945728,1.4316591032780415,1.4316591032780417,True,False,False,False,False,False,True,False,False,False,True,False,False,False,True,False,True,False,True,False,False,False,True
2.000341752218358,2.124621797844104,2.1184503106958186,2.188404644812158,2.188404644812158,True,False,False,False,True,False,False,False,True,False,False,False,False,False,True,True,False,False,True,False,False,False,True
-0.8826713312537188,-1.2555680815143515,-1.1350219288887406,-1.146005397572543,-1.1460053975725424,False,True,False,False,True,False,False,False,False,True,False,False,False,True,False,True,False,True,False,False,False,False,True
-0.5474372517802215,0.46901859162771753,0.657707672514996,0.2019475982851025,0.20194759828510248,True,False,False,True,False,False,False,False,False,False,True,False,False,True,False,True,False,False,False,True,False,False,True
0.12303090716677309,0.9519028601074969,0.657707672514996,0.6039686672251012,0.6039686672251018,True,False,False,True,False,False,False,False,False,True,False,False,False,False,True,True,False,False,False,True,False,False,True
0.05598409127207363,0.4000351247020348,0.12652853135833322,0.2019475982851025,0.20194759828510248,True,False,False,False,True,False,False,False,False,False,False,True,False,True,False,True,False,False,False,True,False,False,True
0.3912181707455709,0.26206819085066924,0.3921181019366646,0.36748568549569016,0.36748568549569044,False,True,True,False,False,False,False,False,False,True,False,False,False,False,True,True,False,False,False,True,False,False,True
1.866248120428959,1.2968201947359106,0.657707672514996,1.3370659105862772,1.3370659105862772,False,True,False,False,False,False,True,False,False,False,False,False,True,False,True,False,True,False,True,False,False,False,True
0.8605458820084672,1.1588532608845452,0.8568998504487444,1.005989736165101,1.0059897361651011,True,False,False,False,False,True,False,False,False,False,False,True,False,False,True,False,True,False,True,False,False,False,True
-0.2122031723067242,-0.1518326107034273,0.12652853135833322,-0.08183197979019118,-0.08183197979019118,True,False,False,False,True,False,False,True,False,False,False,False,False,False,True,False,True,False,False,True,False,False,True
-1.5531394902007134,-1.2555680815143515,-0.9358297509549922,-1.3115434847831307,-1.3115434847831304,True,False,False,False,True,False,False,False,True,False,False,False,False,True,False,True,False,True,False,False,False,False,True
0.9946395137978661,1.503770595512959,1.2552842063162415,1.3134176124133354,1.3134176124133359,True,False,False,False,True,False,False,False,False,False,True,False,False,False,True,True,False,False,True,False,False,False,True
-1.351999042516615,-1.048617680737303,-0.6702401803766609,-1.0750605030537195,-1.075060503053719,True,False,False,True,False,False,False,False,False,True,False,False,False,True,False,True,False,True,False,False,False,False,True
0.32417135485087145,0.5380020585534003,0.5913102798704131,0.509375474533337,0.5093754745333373,True,False,False,False,True,False,False,True,False,False,False,False,False,False,True,True,False,False,False,True,False,False,True
-0.9497181471484183,0.055117790073620984,-0.4046506097983295,-0.4602047505572496,-0.46020475055724935,True,False,False,True,False,False,False,False,False,False,True,False,False,True,False,True,False,False,False,True,False,False,True
2.0673885681130573,2.124621797844104,2.1184503106958186,2.2120529429850992,2.2120529429850992,True,False,False,False,False,True,False,False,False,False,False,False,True,False,True,True,False,False,True,False,False,False,True
-0.27924998820142366,-0.08284914377774454,0.4585154945812474,0.03640951107451385,0.03640951107451452,False,True,False,False,True,False,False,False,False,False,True,False,False,True,False,True,False,False,False,True,False,False,True
-1.351999042516615,-0.3587830114804756,-0.13906103921999816,-0.649391135940779,-0.6493911359407785,True,False,False,False,True,False,False,False,False,False,False,True,False,True,False,False,True,True,False,False,False,False,True
-1.0838117789378172,-1.3245515484400343,-1.400611499467072,-1.335191782956072,-1.3351917829560715,True,False,False,False,False,False,True,False,False,True,False,False,False,False,True,False,True,True,False,False,False,False,True
-0.07810954051732528,-0.013865676852061781,0.12652853135833322,0.012761212901573048,0.012761212901573383,True,False,False,False,False,True,False,True,False,False,False,False,False,False,True,False,True,False,False,True,False,False,True
-1.4190458584113144,-1.1865846145886687,-1.2678167141779064,-1.3588400811290133,-1.3588400811290127,False,True,False,False,True,False,False,False,False,False,False,False,True,True,False,True,False,True,False,False,False,False,True
-0.07810954051732528,-0.1518326107034273,-0.205458431864581,-0.1527768743090146,-0.15277687430901457,False,True,False,False,True,False,False,True,False,False,False,False,False,True,False,True,False,False,False,True,False,False,True
0.9275926979031666,0.46901859162771753,-0.205458431864581,0.4147822818415728,0.41478228184157273,False,True,False,False,False,False,True,False,False,True,False,False,False,False,True,False,True,False,False,True,False,False,True
-0.27924998820142366,-0.22081607762911007,-0.006266253930832468,-0.1764251724819564,-0.17642517248195572,False,True,False,False,False,True,False,False,False,False,False,False,True,False,True,True,False,False,False,True,False,False,True
-1.217905410727216,-1.1865846145886687,-1.5334062847562377,-1.382488379301954,-1.3824883793019538,False,True,False,True,False,False,False,False,False,False,False,False,True,True,False,False,True,True,False,False,False,False,True
0.7264522502190682,1.2968201947359106,1.2552842063162415,1.1478795252027478,1.147879525202748,True,False,False,False,True,False,False,False,True,False,False,False,False,False,True,False,True,False,True,False,False,False,True
-0.01106272462262583,-0.28979954455479284,0.06013113871375037,-0.08183197979019118,-0.08183197979019118,True,False,False,False,False,False,True,True,False,False,False,False,False,False,True,False,True,False,False,True,False,False,True
0.6594054343243687,0.9519028601074969,0.7241050651595787,0.8168033507815715,0.8168033507815721,False,True,False,False,False,True,False,False,False,False,False,True,False,False,True,True,False,False,False,True,False,False,True
-0.27924998820142366,-0.3587830114804756,-0.13906103921999816,-0.27101836517372063,-0.2710183651737203,True,False,False,True,False,False,False,False,False,False,False,False,True,False,True,False,True,False,False,True,False,False,True
0.7264522502190682,-0.4967499453318411,-0.4046506097983295,-0.05818368161725037,-0.05818368161725003,False,True,False,False,False,True,False,False,False,False,False,True,False,False,True,True,False,False,False,True,False,False,True
0.19007772306147255,1.0208863270331796,1.1224894210270757,0.8168033507815715,0.8168033507815721,True,False,False,False,True,False,False,False,False,False,True,False,False,False,True,True,False,False,False,True,False,False,True
-0.3462968040961231,-0.9796342138116204,-1.068624536244158,-0.838577521324308,-0.8385775213243076,False,True,False,False,False,True,False,True,False,False,False,False,False,False,True,False,True,True,False,False,False,False,True
-0.48039043588552205,-0.013865676852061781,-0.205458431864581,-0.24737006700077982,-0.24737006700077913,False,True,False,False,True,False,False,False,False,False,False,False,True,True,False,True,False,False,False,True,False,False,True
-0.7485776994643198,-0.9106507468859377,-1.1350219288887406,-0.9804673103619549,-0.9804673103619544,False,True,False,False,False,False,True,False,False,True,False,False,False,True,False,False,True,True,False,False,False,False,True
-1.4190458584113144,-1.117601147662986,-0.8694323583104093,-1.193301993918425,-1.1933019939184246,True,False,False,True,False,False,False,False,False,False,False,True,False,True,False,False,True,True,False,False,False,False,True
0.7934990661137676,0.6759689924047658,0.5249128872258303,0.6985618599168665,0.6985618599168664,True,False,False,True,False,False,False,False,True,False,False,False,False,True,False,False,True,False,False,True,False,False,True
0.05598409127207363,1.0208863270331796,1.1888868136716586,0.7931550526086306,0.793155052608631,True,False,False,False,True,False,False,True,False,False,False,False,False,False,True,True,False,False,False,True,False,False,True
-0.07810954051732528,0.8139359262561313,0.5913102798704131,0.46207887818745436,0.462078878187455,True,False,False,False,False,True,False,False,False,False,False,True,False,True,False,False,True,False,False,True,False,False,True
0.19007772306147255,0.5380020585534003,0.06013113871375037,0.2728924928039259,0.2728924928039259,False,True,False,False,True,False,False,True,False,False,False,False,False,False,True,False,True,False,False,True,False,False,True
-0.6144840676749209,-0.013865676852061781,-0.006266253930832468,-0.223721768827838,-0.223721768827838,True,False,False,True,False,False,False,True,False,False,False,False,False,False,True,False,True,False,False,True,False,False,True
-0.48039043588552205,-1.945402750771179,-1.7325984626899862,-1.4534332738207774,-1.4534332738207771,False,True,False,False,True,False,False,False,False,False,False,True,False,False,True,False,True,True,False,False,False,False,True
0.5253118025349698,0.12410125699930374,0.657707672514996,0.46207887818745436,0.462078878187455,False,True,False,False,False,True,False,False,False,False,False,False,True,False,True,True,False,False,False,True,False,False,True
1.0616863296925656,-0.4967499453318411,-0.4046506097983295,0.060057809247455664,0.06005780924745566,False,True,False,False,False,False,True,False,True,False,False,False,False,False,True,False,True,False,False,True,False,False,True
0.9946395137978661,0.7449524593304486,0.5249128872258303,0.7931550526086306,0.793155052608631,False,True,False,False,False,False,True,False,False,True,False,False,False,False,True,True,False,False,False,True,False,False,True
0.5253118025349698,0.8139359262561313,0.5249128872258303,0.6512652635709838,0.6512652635709841,True,False,False,True,False,False,False,False,False,False,False,True,False,True,False,False,True,False,False,True,False,False,True
-0.5474372517802215,-0.5657334122575238,-0.13906103921999816,-0.4365564523843088,-0.43655645238430824,True,False,False,True,False,False,False,False,False,False,False,True,False,True,False,False,True,False,False,True,False,False,True
0.9275926979031666,0.6759689924047658,0.7241050651595787,0.8168033507815715,0.8168033507815721,False,True,False,False,False,True,False,False,False,False,False,False,True,True,False,True,False,False,False,True,False,False,True
-2.089514017358309,-2.7732043538793723,-2.728559352358729,-2.659496480640776,-2.659496480640775,False,True,False,False,True,False,False,False,False,False,False,True,False,True,False,False,True,False,False,False,True,True,False
-1.620186306095413,-0.4967499453318411,-0.5374453950874952,-0.9331707140160728,-0.9331707140160721,True,False,False,False,True,False,False,False,False,True,False,False,False,True,False,False,True,True,False,False,False,False,True
-0.4133436199908226,-1.2555680815143515,-0.8030349656658266,-0.8622258194972493,-0.8622258194972487,False,True,False,False,True,False,False,True,False,False,False,False,False,True,False,True,False,True,False,False,False,False,True
1.3969204091660627,1.503770595512959,0.8568998504487444,1.3134176124133354,1.3134176124133359,False,True,False,False,False,False,True,False,False,True,False,False,False,False,True,True,False,False,True,False,False,False,True
1.1957799614819644,0.9519028601074969,0.4585154945812474,0.9113965434733368,0.9113965434733367,False,True,False,True,False,False,False,False,False,False,False,False,True,False,True,True,False,False,True,False,False,False,True
1.128733145587265,1.1588532608845452,1.3216815989608244,1.2661210160674539,1.2661210160674536,True,False,False,False,False,False,True,True,False,False,False,False,False,True,False,True,False,False,True,False,False,False,True
-2.1565608332530086,-1.8764192838454963,-1.9317906406237348,-2.091937324490188,-2.0919373244901878,True,False,False,False,True,False,False,False,False,True,False,False,False,True,False,False,True,False,False,False,True,True,False
-0.01106272462262583,0.5380020585534003,0.12652853135833322,0.22559589645804332,0.22559589645804362,False,True,False,True,False,False,False,False,False,True,False,False,False,True,False,False,True,False,False,True,False,False,True
-0.3462968040961231,-0.9106507468859377,-0.8030349656658266,-0.7203360304596025,-0.7203360304596019,False,True,False,True,False,False,False,False,False,False,False,False,True,False,True,True,False,True,False,False,False,False,True
-0.6815308835696204,-0.08284914377774454,0.3921181019366646,-0.12912857613607379,-0.12912857613607345,True,False,False,False,False,True,False,False,False,True,False,False,False,False,True,True,False,False,False,True,False,False,True
1.3969204091660627,1.0898697939588624,0.32572070929208174,0.9823414379921601,0.98234143799216,False,True,False,True,False,False,False,True,False,False,False,False,False,False,True,False,True,False,True,False,False,False,True
-0.7485776994643198,-0.28979954455479284,-0.4046506097983295,-0.5075013469031322,-0.5075013469031316,True,False,False,False,True,False,False,False,False,False,False,False,True,True,False,False,True,False,False,True,False,False,True
1.3298735932713632,0.7449524593304486,0.4585154945812474,0.8877482453003949,0.8877482453003955,False,True,False,False,False,True,False,False,False,False,False,False,True,False,True,False,True,False,True,False,False,False,True
-0.9497181471484183,-0.22081607762911007,0.32572070929208174,-0.2946666633466619,-0.2946666633466614,True,False,False,True,False,False,False,True,False,False,False,False,False,False,True,True,False,False,False,True,False,False,True
-1.4190458584113144,-0.9106507468859377,-0.9358297509549922,-1.146005397572543,-1.1460053975725424,True,False,False,False,False,False,True,False,False,False,True,False,False,True,False,False,True,True,False,False,False,False,True
0.3912181707455709,0.1930847239249865,0.19292592400291605,0.2728924928039259,0.2728924928039259,True,False,False,False,True,False,False,False,False,False,False,True,False,False,True,False,True,False,False,True,False,False,True
-0.6144840676749209,-1.3245515484400343,-0.9358297509549922,-1.0041156085348961,-1.0041156085348955,False,True,False,False,False,True,False,False,False,True,False,False,False,False,True,False,True,True,False,False,False,False,True
0.12303090716677309,0.1930847239249865,-0.27185582450916385,0.012761212901573048,0.012761212901573383,False,True,True,False,False,False,False,False,False,False,False,False,True,True,False,False,True,False,False,True,False,False,True
1.4639672250607623,1.77970446321569,1.7200659548283213,1.739086979526276,1.7390869795262764,True,False,False,False,True,False,False,False,False,False,False,True,False,False,True,True,False,False,True,False,False,False,True
0.6594054343243687,-0.3587830114804756,-0.13906103921999816,0.060057809247455664,0.06005780924745566,False,True,False,False,False,True,False,False,False,False,False,True,False,False,True,False,True,False,False,True,False,False,True
-1.351999042516615,-1.8074358169198135,-1.7325984626899862,-1.7135645537231303,-1.7135645537231297,False,True,False,False,True,False,False,True,False,False,False,False,False,False,True,False,True,True,False,False,False,False,True
0.05598409127207363,1.1588532608845452,0.9896946357379102,0.7695067544356898,0.7695067544356898,True,False,False,True,False,False,False,False,True,False,False,False,False,False,True,False,True,False,False,True,False,False,True
1.7321544886395601,1.227836727810228,0.657707672514996,1.2661210160674539,1.2661210160674536,False,True,False,False,False,False,True,False,False,False,False,False,True,False,True,False,True,False,True,False,False,False,True
1.128733145587265,0.8829193931818141,1.056092028382493,1.0769346306839243,1.0769346306839247,False,True,False,False,True,False,False,False,True,False,False,False,False,False,True,True,False,False,True,False,False,False,True
0.9275926979031666,0.4000351247020348,0.5913102798704131,0.6749135617439246,0.6749135617439252,False,True,False,False,False,True,False,True,False,False,False,False,False,False,True,False,True,False,False,True,False,False,True
-0.2122031723067242,-0.22081607762911007,-0.07266364657541531,-0.1764251724819564,-0.17642517248195572,False,True,False,False,False,True,False,False,True,False,False,False,False,True,False,False,True,False,False,True,False,False,True
-0.14515635641202473,-0.6347168791832066,0.3921181019366646,-0.12912857613607379,-0.12912857613607345,True,False,False,False,False,True,False,False,False,False,False,False,True,False,True,True,False,False,False,True,False,False,True
-0.8156245153590194,-1.1865846145886687,-1.1350219288887406,-1.0987088012266604,-1.0987088012266601,False,True,False,True,False,False,False,False,False,False,False,True,False,False,True,False,True,True,False,False,False,False,True
1.1957799614819644,0.7449524593304486,0.7905024578041616,0.9586931398192183,0.9586931398192189,False,True,False,False,True,False,False,True,False,False,False,False,False,False,True,False,True,False,True,False,False,False,True
0.4582649866402704,-0.08284914377774454,-0.13906103921999816,0.08370610742039647,0.0837061074203968,False,True,False,False,False,True,False,False,False,True,False,False,False,True,False,True,False,False,False,True,False,False,True
0.9275926979031666,0.9519028601074969,0.9896946357379102,1.005989736165101,1.0059897361651011,True,False,False,False,False,False,True,False,True,False,False,False,False,False,True,False,True,False,True,False,False,False,True
-0.6815308835696204,-1.1865846145886687,-0.8694323583104093,-0.9568190121890136,-0.9568190121890133,True,False,False,False,False,True,False,False,False,True,False,False,False,False,True,False,True,True,False,False,False,False,True
-0.48039043588552205,-1.2555680815143515,-1.6662010700454035,-1.193301993918425,-1.1933019939184246,False,True,False,False,False,False,True,False,False,False,False,True,False,False,True,False,True,True,False,False,False,False,True
0.5923586184296693,0.33105165777635204,0.06013113871375037,0.3438373873227493,0.3438373873227493,False,True,False,False,False,True,False,False,False,False,False,False,True,False,True,False,True,False,False,True,False,False,True
1.262826777376664,0.46901859162771753,0.19292592400291605,0.6749135617439246,0.6749135617439252,False,True,False,False,True,False,False,True,False,False,False,False,False,False,True,False,True,False,False,True,False,False,True
1.5310140409554618,0.46901859162771753,0.3921181019366646,0.8404516489545133,0.8404516489545132,False,True,False,False,False,False,True,True,False,False,False,False,False,False,True,False,True,False,False,True,False,False,True
-0.5474372517802215,0.055117790073620984,-0.006266253930832468,-0.1764251724819564,-0.17642517248195572,True,False,False,True,False,False,False,False,False,True,False,False,False,False,True,True,False,False,False,True,False,False,True
-0.07810954051732528,-0.3587830114804756,-0.4046506097983295,-0.2946666633466619,-0.2946666633466614,True,False,False,True,False,False,False,False,False,True,False,False,False,False,True,False,True,False,False,True,False,False,True
0.12303090716677309,-0.6347168791832066,-1.002227143599575,-0.531149645076073,-0.5311496450760728,False,True,False,False,True,False,False,False,False,True,False,False,False,False,True,False,True,False,False,True,False,False,True
-1.2849522266219155,-1.393535015365717,-1.2678167141779064,-1.382488379301954,-1.3824883793019538,False,True,True,False,False,False,False,False,False,False,False,False,True,False,True,True,False,True,False,False,False,False,True
0.32417135485087145,0.9519028601074969,0.9896946357379102,0.7931550526086306,0.793155052608631,True,False,False,False,False,True,False,False,False,False,False,True,False,True,False,False,True,False,False,True,False,False,True
-0.4133436199908226,0.055117790073620984,0.12652853135833322,-0.08183197979019118,-0.08183197979019118,True,False,False,True,False,False,False,False,False,False,False,False,True,False,True,True,False,False,False,True,False,False,True
0.9275926979031666,0.7449524593304486,0.2593233166474989,0.6749135617439246,0.6749135617439252,False,True,False,False,False,True,False,False,False,False,True,False,False,False,True,False,True,False,False,True,False,False,True
-0.8156245153590194,-1.1865846145886687,-1.068624536244158,-1.0750605030537195,-1.075060503053719,False,True,False,False,False,True,False,False,False,True,False,False,False,False,True,False,True,True,False,False,False,False,True
-0.27924998820142366,0.26206819085066924,0.12652853135833322,0.03640951107451385,0.03640951107451452,True,False,False,False,False,False,True,False,False,False,False,True,False,False,True,False,True,False,False,True,False,False,True
-0.14515635641202473,0.26206819085066924,-0.006266253930832468,0.03640951107451385,0.03640951107451452,True,False,False,False,True,False,False,True,False,False,False,False,False,True,False,False,True,False,False,True,False,False,True
0.7934990661137676,0.5380020585534003,0.5913102798704131,0.6749135617439246,0.6749135617439252,False,True,False,False,True,False,False,True,False,False,False,False,False,False,True,True,False,False,False,True,False,False,True
0.257124538956172,0.4000351247020348,0.657707672514996,0.46207887818745436,0.462078878187455,True,False,False,True,False,False,False,False,False,False,False,True,False,False,True,False,True,False,False,True,False,False,True
-0.07810954051732528,0.8139359262561313,0.8568998504487444,0.5566720708792197,0.5566720708792195,True,False,False,False,True,False,False,False,False,False,True,False,False,True,False,True,False,False,False,True,False,False,True
-0.14515635641202473,0.6759689924047658,0.5913102798704131,0.39113398366863095,0.3911339836686316,True,False,False,False,True,False,False,False,False,False,False,False,True,True,False,True,False,False,False,True,False,False,True
0.8605458820084672,0.6759689924047658,0.657707672514996,0.7695067544356898,0.7695067544356898,False,True,False,False,True,False,False,False,False,False,False,True,False,False,True,True,False,False,False,True,False,False,True
-1.4860926743060139,-1.3245515484400343,-1.1350219288887406,-1.382488379301954,-1.3824883793019538,True,False,False,False,True,False,False,False,False,False,False,False,True,True,False,False,True,True,False,False,False,False,True
2.2014821999024563,1.6417375293643244,1.45447638424999,1.857328470390982,1.8573284703909823,True,False,False,False,False,False,True,False,False,True,False,False,False,False,True,False,True,False,True,False,False,False,True
0.6594054343243687,0.26206819085066924,-0.006266253930832468,0.32018908914980754,0.3201890891498082,False,True,False,False,False,True,False,False,False,True,False,False,False,False,True,False,True,False,False,True,False,False,True
-0.48039043588552205,-1.8764192838454963,-1.798995855334569,-1.4534332738207774,-1.4534332738207771,False,True,False,False,False,True,False,False,False,False,False,False,True,True,False,False,True,True,False,False,False,False,True
-0.2122031723067242,0.4000351247020348,0.8568998504487444,0.36748568549569016,0.36748568549569044,True,False,False,False,True,False,False,False,True,False,False,False,False,False,True,False,True,False,False,True,False,False,True
0.19007772306147255,0.1930847239249865,0.5913102798704131,0.3438373873227493,0.3438373873227493,True,False,False,False,False,True,False,False,False,True,False,False,False,False,True,False,True,False,False,True,False,False,True
1.4639672250607623,1.5727540624386418,1.7864633474729041,1.6917903831803944,1.6917903831803942,True,False,False,False,False,True,False,True,False,False,False,False,False,False,True,True,False,False,True,False,False,False,True
0.32417135485087145,0.46901859162771753,0.12652853135833322,0.32018908914980754,0.3201890891498082,True,False,False,False,False,False,True,False,False,False,False,True,False,True,False,False,True,False,False,True,False,False,True
0.19007772306147255,-0.42776647840615833,-0.47104800244291234,-0.24737006700077982,-0.24737006700077913,False,True,False,False,True,False,False,False,True,False,False,False,False,False,True,False,True,False,False,True,False,False,True
-0.5474372517802215,-1.393535015365717,-1.7325984626899862,-1.2878951866101898,-1.2878951866101893,False,True,False,False,True,False,False,False,False,False,False,True,False,False,True,False,True,True,False,False,False,False,True
-1.2849522266219155,-1.117601147662986,-0.6702401803766609,-1.0750605030537195,-1.075060503053719,True,False,False,False,False,True,False,True,False,False,False,False,False,True,False,False,True,True,False,False,False,False,True
-0.07810954051732528,0.055117790073620984,0.19292592400291605,0.060057809247455664,0.06005780924745566,True,False,False,False,False,True,False,False,False,False,False,True,False,False,True,False,True,False,False,True,False,False,True
1.4639672250607623,1.0898697939588624,0.5249128872258303,1.0769346306839243,1.0769346306839247,False,True,False,True,False,False,False,False,False,False,False,True,False,False,True,True,False,False,True,False,False,False,True
1.128733145587265,0.606985525479083,0.32572070929208174,0.7222101580898073,0.7222101580898075,False,True,False,False,True,False,False,False,True,False,False,False,False,False,True,False,True,False,False,True,False,False,True
1.262826777376664,1.5727540624386418,1.6536685621837386,1.5735488923156884,1.5735488923156884,True,False,False,False,True,False,False,False,False,False,False,False,True,False,True,True,False,False,True,False,False,False,True
-0.48039043588552205,-0.42776647840615833,0.4585154945812474,-0.1527768743090146,-0.15277687430901457,True,False,False,False,False,False,True,False,False,True,False,False,False,False,True,True,False,False,False,True,False,False,True
-0.07810954051732528,1.1588532608845452,0.7905024578041616,0.6512652635709838,0.6512652635709841,True,False,False,False,True,False,False,False,False,False,False,False,True,True,False,False,True,False,False,True,False,False,True
0.4582649866402704,-0.9106507468859377,-0.7366375730212437,-0.41290815421136745,-0.4129081542113671,False,True,False,True,False,False,False,False,True,False,False,False,False,True,False,False,True,False,False,True,False,False,True
-0.8826713312537188,-1.1865846145886687,-1.7325984626899862,-1.335191782956072,-1.3351917829560715,False,True,False,False,False,True,False,False,False,True,False,False,False,False,True,False,True,True,False,False,False,False,True
-1.4190458584113144,-1.4625184822913997,-1.4670088921116549,-1.524378168339601,-1.5243781683396005,False,True,False,False,False,True,False,False,False,True,False,False,False,False,True,False,True,True,False,False,False,False,True
0.4582649866402704,0.6759689924047658,1.056092028382493,0.7695067544356898,0.7695067544356898,True,False,False,False,False,True,False,False,True,False,False,False,False,True,False,False,True,False,False,True,False,False,True
0.257124538956172,0.606985525479083,0.657707672514996,0.5330237727062778,0.5330237727062784,True,False,False,False,False,True,False,False,False,False,False,True,False,True,False,True,False,False,False,True,False,False,True
-1.95542038556891,-1.6004854161427653,-1.4670088921116549,-1.7608611500690126,-1.760861150069012,True,False,False,True,False,False,False,False,False,False,False,False,True,False,True,False,True,True,False,False,False,True,False
0.9946395137978661,0.8829193931818141,0.9232972430933273,0.9823414379921601,0.98234143799216,False,True,False,True,False,False,False,True,False,False,False,False,False,False,True,True,False,False,True,False,False,False,True
2.0673885681130573,0.8829193931818141,1.3216815989608244,1.5026039977968648,1.502603997796865,False,True,False,False,False,False,True,True,False,False,False,False,False,False,True,True,False,False,True,False,False,False,True
0.05598409127207363,1.3658036616615934,0.9232972430933273,0.8168033507815715,0.8168033507815721,True,False,False,True,False,False,False,False,False,False,False,False,True,False,True,False,True,False,False,True,False,False,True
1.4639672250607623,0.4000351247020348,0.5249128872258303,0.8404516489545133,0.8404516489545132,False,True,False,True,False,False,False,False,True,False,False,False,False,True,False,False,True,False,False,True,False,False,True
0.7264522502190682,0.46901859162771753,0.5913102798704131,0.627616965398043,0.627616965398043,False,True,False,False,False,False,True,False,False,False,False,False,True,False,True,True,False,False,False,True,False,False,True
0.6594054343243687,0.055117790073620984,-0.006266253930832468,0.2492441946309841,0.24924419463098477,False,True,False,False,True,False,False,True,False,False,False,False,False,False,True,False,True,False,False,True,False,False,True
1.3298735932713632,0.26206819085066924,0.12652853135833322,0.6039686672251012,0.6039686672251018,False,True,False,False,False,True,False,False,False,False,False,False,True,False,True,False,True,False,False,True,False,False,True
-0.2122031723067242,-0.6347168791832066,-0.7366375730212437,-0.5547979432490143,-0.5547979432490139,False,True,False,False,True,False,False,False,False,False,False,False,True,False,True,True,False,False,False,True,False,False,True
-0.07810954051732528,0.26206819085066924,0.4585154945812474,0.22559589645804332,0.22559589645804362,True,False,False,False,False,False,True,False,True,False,False,False,False,False,True,False,True,False,False,True,False,False,True
0.7934990661137676,0.5380020585534003,0.7905024578041616,0.745858456262748,0.7458584562627487,False,True,False,False,False,True,False,False,False,True,False,False,False,True,False,True,False,False,False,True,False,False,True
0.05598409127207363,-0.4967499453318411,-0.5374453950874952,-0.34196325969254404,-0.3419632596925437,False,True,False,True,False,False,False,True,False,False,False,False,False,True,False,False,True,False,False,True,False,False,True
-1.351999042516615,-1.945402750771179,-1.6662010700454035,-1.7372128518960712,-1.7372128518960708,False,True,True,False,False,False,False,False,False,False,False,False,True,False,True,True,False,True,False,False,False,False,True
0.32417135485087145,0.33105165777635204,-0.006266253930832468,0.22559589645804332,0.22559589645804362,False,True,False,False,False,False,True,True,False,False,False,False,False,False,True,True,False,False,False,True,False,False,True
-1.7542799378848117,-1.6004854161427653,-1.2014193215333235,-1.5953230628584243,-1.595323062858424,False,True,False,False,True,False,False,False,False,True,False,False,False,True,False,True,False,True,False,False,False,False,True
1.598060856850161,1.227836727810228,0.4585154945812474,1.1478795252027478,1.147879525202748,False,True,False,False,False,True,False,True,False,False,False,False,False,True,False,False,True,False,True,False,False,False,True
0.9946395137978661,0.606985525479083,0.8568998504487444,0.8640999471274541,0.8640999471274543,False,True,True,False,False,False,False,False,False,False,False,True,False,True,False,True,False,False,True,False,False,False,True
-0.6815308835696204,-1.048617680737303,-1.068624536244158,-0.9804673103619549,-0.9804673103619544,False,True,False,False,False,True,False,False,False,False,False,False,True,True,False,False,True,True,False,False,False,False,True
0.05598409127207363,1.0208863270331796,0.8568998504487444,0.6749135617439246,0.6749135617439252,True,False,False,False,True,False,False,True,False,False,False,False,False,False,True,True,False,False,False,True,False,False,True
0.9275926979031666,0.46901859162771753,-0.27185582450916385,0.39113398366863095,0.3911339836686316,False,True,False,True,False,False,False,True,False,False,False,False,False,False,True,False,True,False,False,True,False,False,True
0.5253118025349698,0.4000351247020348,0.9896946357379102,0.6749135617439246,0.6749135617439252,True,False,False,False,True,False,False,True,False,False,False,False,False,False,True,True,False,False,False,True,False,False,True
0.19007772306147255,-0.1518326107034273,0.06013113871375037,0.03640951107451385,0.03640951107451452,False,True,True,False,False,False,False,False,False,False,False,True,False,False,True,False,True,False,False,True,False,False,True
2.2014821999024563,1.227836727810228,0.8568998504487444,1.5026039977968648,1.502603997796865,False,True,False,False,False,False,True,False,False,False,False,True,False,False,True,True,False,False,True,False,False,False,True
-1.0167649630431177,-1.1865846145886687,-1.5998036774008206,-1.335191782956072,-1.3351917829560715,False,True,False,False,True,False,False,False,False,False,False,False,True,False,True,False,True,True,False,False,False,False,True
-0.8826713312537188,0.12410125699930374,-0.07266364657541531,-0.2946666633466619,-0.2946666633466614,True,False,False,True,False,False,False,True,False,False,False,False,False,True,False,False,True,False,False,True,False,False,True
-1.1508585948325165,-0.8416672799602549,-1.068624536244158,-1.0750605030537195,-1.075060503053719,True,False,False,False,False,True,False,False,False,True,False,False,False,True,False,False,True,True,False,False,False,False,True
0.4582649866402704,0.46901859162771753,0.7905024578041616,0.6039686672251012,0.6039686672251018,True,False,False,True,False,False,False,True,False,False,False,False,False,False,True,False,True,False,False,True,False,False,True
-0.01106272462262583,-0.6347168791832066,-0.7366375730212437,-0.4838530487301909,-0.4838530487301905,False,True,False,True,False,False,False,False,True,False,False,False,False,False,True,False,True,False,False,True,False,False,True
0.05598409127207363,-0.5657334122575238,-0.006266253930832468,-0.1764251724819564,-0.17642517248195572,False,True,False,False,False,True,False,False,True,False,False,False,False,False,True,True,False,False,False,True,False,False,True
0.12303090716677309,-0.1518326107034273,0.06013113871375037,0.012761212901573048,0.012761212901573383,True,False,False,False,True,False,False,True,False,False,False,False,False,True,False,True,False,False,False,True,False,False,True
-0.48039043588552205,-0.3587830114804756,0.4585154945812474,-0.12912857613607379,-0.12912857613607345,True,False,False,False,True,False,False,False,True,False,False,False,False,False,True,True,False,False,False,True,False,False,True
0.32417135485087145,-0.22081607762911007,-0.205458431864581,-0.03453538344430957,-0.03453538344430889,False,True,False,False,True,False,False,False,False,True,False,False,False,False,True,False,True,False,False,True,False,False,True
0.7264522502190682,0.8829193931818141,1.5208737768945728,1.1005829288568652,1.1005829288568658,True,False,False,False,False,True,False,False,False,False,True,False,False,False,True,True,False,False,True,False,False,False,True
1.128733145587265,0.1930847239249865,0.657707672514996,0.6985618599168665,0.6985618599168664,False,True,False,False,True,False,False,True,False,False,False,False,False,False,True,False,True,False,False,True,False,False,True
-0.2122031723067242,0.12410125699930374,0.06013113871375037,-0.010887085271367756,-0.010887085271367754,False,True,False,True,False,False,False,False,True,False,False,False,False,False,True,False,True,False,False,True,False,False,True
-0.6815308835696204,-0.28979954455479284,-0.3382532171537467,-0.4602047505572496,-0.46020475055724935,True,False,False,False,False,True,False,True,False,False,False,False,False,True,False,False,True,False,False,True,False,False,True
0.05598409127207363,0.6759689924047658,1.056092028382493,0.627616965398043,0.627616965398043,True,False,False,False,True,False,False,False,False,True,False,False,False,True,False,True,False,False,False,True,False,False,True
0.5923586184296693,1.1588532608845452,0.7241050651595787,0.8640999471274541,0.8640999471274543,True,False,False,False,False,False,True,False,False,True,False,False,False,False,True,False,True,False,True,False,False,False,True
0.32417135485087145,0.8139359262561313,0.7905024578041616,0.6749135617439246,0.6749135617439252,True,False,False,False,True,False,False,False,False,False,False,True,False,False,True,False,True,False,False,True,False,False,True
-1.5531394902007134,-1.117601147662986,-1.002227143599575,-1.2878951866101898,-1.2878951866101893,True,False,False,False,True,False,False,False,False,False,False,False,True,True,False,False,True,True,False,False,False,False,True
-1.6872331219901122,-1.6004854161427653,-1.6662010700454035,-1.7372128518960712,-1.7372128518960708,True,False,False,False,True,False,False,False,False,True,False,False,False,True,False,False,True,True,False,False,False,False,True
1.0616863296925656,1.4347871285872762,1.7200659548283213,1.4789556996239241,1.478955699623924,True,False,False,False,True,False,False,False,False,False,False,True,False,False,True,False,True,False,True,False,False,False,True
-0.3462968040961231,-0.5657334122575238,-0.4046506097983295,-0.4602047505572496,-0.46020475055724935,False,True,False,False,True,False,False,False,False,False,False,True,False,False,True,False,True,False,False,True,False,False,True
-2.5588417286212053,-2.7732043538793723,-2.8032564190838847,-2.8516389032959224,-2.851638903295922,False,True,True,False,False,False,False,False,False,False,False,True,False,True,False,False,True,False,False,False,True,True,False
1.0616863296925656,0.4000351247020348,0.5913102798704131,0.7222101580898073,0.7222101580898075,False,True,False,False,True,False,False,True,False,False,False,False,False,False,True,True,False,False,False,True,False,False,True
-1.6872331219901122,-0.9796342138116204,-1.1350219288887406,-1.335191782956072,-1.3351917829560715,True,False,False,True,False,False,False,False,False,False,False,False,True,False,True,False,True,True,False,False,False,False,True
0.32417135485087145,-0.6347168791832066,-0.47104800244291234,-0.27101836517372063,-0.2710183651737203,False,True,False,False,True,False,False,False,False,True,False,False,False,False,True,False,True,False,False,True,False,False,True
-1.2849522266219155,-2.2213366184739103,-2.197380211202066,-1.997344131798424,-1.9973441317984233,False,True,False,False,True,False,False,True,False,False,False,False,False,False,True,False,True,False,False,False,True,True,False
-0.27924998820142366,-0.9106507468859377,-1.002227143599575,-0.7676326268054846,-0.7676326268054842,False,True,False,False,False,False,True,True,False,False,False,False,False,False,True,True,False,True,False,False,False,False,True
1.598060856850161,0.606985525479083,0.8568998504487444,1.0769346306839243,1.0769346306839247,False,True,False,True,False,False,False,True,False,False,False,False,False,False,True,False,True,False,True,False,False,False,True
1.128733145587265,1.6417375293643244,1.7864633474729041,1.597197190488629,1.5971971904886297,True,False,False,False,True,False,False,False,True,False,False,False,False,False,True,False,True,False,True,False,False,False,True
-0.3462968040961231,-0.08284914377774454,-0.13906103921999816,-0.20007347065489722,-0.20007347065489686,True,False,False,True,False,False,False,False,False,False,False,True,False,True,False,False,True,False,False,True,False,False,True
0.6594054343243687,0.055117790073620984,0.06013113871375037,0.2728924928039259,0.2728924928039259,False,True,False,False,False,True,False,False,False,False,False,False,True,False,True,True,False,False,False,True,False,False,True
-1.1508585948325165,-1.2555680815143515,-1.6662010700454035,-1.4297849756478367,-1.429784975647836,False,True,False,False,True,False,False,True,False,False,False,False,False,False,True,False,True,True,False,False,False,False,True
-2.6258885445159046,-2.1523531515482275,-2.728559352358729,-2.6358481824678344,-2.635848182467834,True,False,False,True,False,False,False,False,False,False,False,False,True,True,False,False,True,False,False,False,True,True,False
-2.089514017358309,-0.9796342138116204,-0.5374453950874952,-1.2642468884372484,-1.264246888437248,True,False,False,False,False,True,False,False,False,False,False,False,True,True,False,True,False,True,False,False,False,True,False
-0.5474372517802215,-0.5657334122575238,-1.068624536244158,-0.7676326268054846,-0.7676326268054842,False,True,False,False,True,False,False,False,False,True,False,False,False,True,False,False,True,True,False,False,False,False,True
-0.3462968040961231,0.26206819085066924,-0.3382532171537467,-0.1527768743090146,-0.15277687430901457,True,False,False,False,True,False,False,False,False,True,False,False,False,False,True,False,True,False,False,True,False,False,True
0.19007772306147255,0.46901859162771753,0.3921181019366646,0.36748568549569016,0.36748568549569044,True,False,False,True,False,False,False,False,False,True,False,False,False,False,True,True,False,False,False,True,False,False,True
0.05598409127207363,0.1930847239249865,-0.07266364657541531,0.060057809247455664,0.06005780924745566,False,True,False,False,False,True,False,True,False,False,False,False,False,False,True,True,False,False,False,True,False,False,True
0.8605458820084672,0.26206819085066924,-0.07266364657541531,0.36748568549569016,0.36748568549569044,False,True,False,False,False,True,False,False,False,False,False,True,False,False,True,False,True,False,False,True,False,False,True
0.3912181707455709,0.7449524593304486,0.4585154945812474,0.5566720708792197,0.5566720708792195,True,False,False,False,True,False,False,False,False,True,False,False,False,False,True,False,True,False,False,True,False,False,True
-0.27924998820142366,-0.5657334122575238,-0.7366375730212437,-0.5547979432490143,-0.5547979432490139,False,True,False,True,False,False,False,False,False,False,False,True,False,False,True,False,True,False,False,True,False,False,True
0.7264522502190682,1.7107209962900072,1.7864633474729041,1.4789556996239241,1.478955699623924,True,False,False,False,True,False,False,False,True,False,False,False,False,False,True,True,False,False,True,False,False,False,True
0.5923586184296693,0.33105165777635204,-0.13906103921999816,0.2728924928039259,0.2728924928039259,False,True,False,False,False,True,False,False,False,True,False,False,False,True,False,False,True,False,False,True,False,False,True
1.3969204091660627,0.33105165777635204,0.5249128872258303,0.7931550526086306,0.793155052608631,False,True,False,False,False,False,True,True,False,False,False,False,False,False,True,False,True,False,False,True,False,False,True
-0.9497181471484183,-0.28979954455479284,0.06013113871375037,-0.41290815421136745,-0.4129081542113671,True,False,False,True,False,False,False,False,True,False,False,False,False,False,True,False,True,False,False,True,False,False,True
-0.01106272462262583,-0.8416672799602549,-1.068624536244158,-0.6730394341137198,-0.6730394341137196,False,True,False,False,False,False,True,False,False,False,False,True,False,False,True,False,True,True,False,False,False,False,True
-0.2122031723067242,0.606985525479083,0.7905024578041616,0.4147822818415728,0.41478228184157273,True,False,False,False,True,False,False,False,False,False,False,True,False,False,True,True,False,False,False,True,False,False,True
-1.351999042516615,-0.7726838130345721,-0.7366375730212437,-1.0041156085348961,-1.0041156085348955,True,False,False,False,True,False,False,True,False,False,False,False,False,False,True,False,True,True,False,False,False,False,True
-0.48039043588552205,0.12410125699930374,0.12652853135833322,-0.08183197979019118,-0.08183197979019118,True,False,False,False,True,False,False,False,False,False,False,True,False,False,True,False,True,False,False,True,False,False,True
-0.3462968040961231,0.1930847239249865,0.12652853135833322,-0.010887085271367756,-0.010887085271367754,True,False,False,True,False,False,False,False,True,False,False,False,False,False,True,False,True,False,False,True,False,False,True
-0.2122031723067242,-0.5657334122575238,-0.47104800244291234,-0.4365564523843088,-0.43655645238430824,False,True,True,False,False,False,False,True,False,False,False,False,False,False,True,False,True,False,False,True,False,False,True
-1.620186306095413,-0.22081607762911007,0.06013113871375037,-0.6257428377678378,-0.6257428377678373,True,False,False,False,True,False,False,False,False,False,False,True,False,True,False,True,False,True,False,False,False,False,True
-0.48039043588552205,-0.4967499453318411,-0.47104800244291234,-0.5075013469031322,-0.5075013469031316,False,True,False,False,False,True,False,False,False,False,False,True,False,True,False,False,True,False,False,True,False,False,True
0.9275926979031666,1.4347871285872762,1.388078991605407,1.3134176124133354,1.3134176124133359,True,False,False,False,False,True,False,False,False,False,False,True,False,False,True,False,True,False,True,False,False,False,True
-0.5474372517802215,-0.4967499453318411,-0.603842787732078,-0.5784462414219557,-0.5784462414219551,True,False,False,True,False,False,False,False,False,True,False,False,False,False,True,False,True,True,False,False,False,False,True
1.262826777376664,1.0208863270331796,0.657707672514996,1.0296380343380418,1.0296380343380422,False,True,False,True,False,False,False,False,False,False,False,False,True,False,True,True,False,False,True,False,False,False,True
-0.9497181471484183,-0.7726838130345721,-0.6702401803766609,-0.838577521324308,-0.8385775213243076,True,False,False,False,True,False,False,False,False,False,False,True,False,False,True,False,True,True,False,False,False,False,True
-2.6258885445159046,-2.4282870192509582,-2.3965723891358146,-2.6121998842948937,-2.612199884294893,True,False,False,False,False,True,False,False,False,False,False,False,True,True,False,False,True,False,False,False,True,True,False
-0.48039043588552205,-0.6347168791832066,-0.6702401803766609,-0.6257428377678378,-0.6257428377678373,False,True,False,False,True,False,False,False,False,False,False,True,False,False,True,False,True,True,False,False,False,False,True
-1.1508585948325165,-0.7726838130345721,-0.5374453950874952,-0.8622258194972493,-0.8622258194972487,False,True,True,False,False,False,False,False,True,False,False,False,False,True,False,True,False,True,False,False,False,False,True
0.19007772306147255,-0.7726838130345721,-1.002227143599575,-0.5547979432490143,-0.5547979432490139,False,True,False,False,True,False,False,False,False,True,False,False,False,False,True,True,False,False,False,True,False,False,True
-0.3462968040961231,-0.22081607762911007,-0.47104800244291234,-0.3656115578654854,-0.3656115578654848,False,True,False,False,True,False,False,False,True,False,False,False,False,True,False,False,True,False,False,True,False,False,True
-1.4860926743060139,-0.3587830114804756,-0.6702401803766609,-0.8858741176701901,-0.8858741176701899,True,False,True,False,False,False,False,False,False,False,False,False,True,True,False,False,True,True,False,False,False,False,True
0.4582649866402704,1.0208863270331796,1.1224894210270757,0.9113965434733368,0.9113965434733367,True,False,False,False,False,True,False,False,False,False,False,False,True,False,True,False,True,False,True,False,False,False,True
1.1957799614819644,0.5380020585534003,0.19292592400291605,0.6749135617439246,0.6749135617439252,False,True,False,False,False,False,True,False,False,False,False,True,False,False,True,False,True,False,False,True,False,False,True
-1.4190458584113144,0.26206819085066924,0.12652853135833322,-0.3656115578654854,-0.3656115578654848,True,False,False,False,True,False,False,False,False,False,False,True,False,True,False,True,False,False,False,True,False,False,True
0.5253118025349698,0.33105165777635204,0.2593233166474989,0.39113398366863095,0.3911339836686316,False,True,False,False,False,True,False,False,False,False,False,False,True,False,True,False,True,False,False,True,False,False,True
1.0616863296925656,1.9176713970670556,1.852860740117487,1.6917903831803944,1.6917903831803942,True,False,False,False,False,True,False,False,False,False,False,True,False,False,True,True,False,False,True,False,False,False,True
-0.48039043588552205,0.055117790073620984,0.32572070929208174,-0.03453538344430957,-0.03453538344430889,True,False,False,False,False,True,False,False,True,False,False,False,False,False,True,False,True,False,False,True,False,False,True
-1.351999042516615,-1.8074358169198135,-1.798995855334569,-1.7372128518960712,-1.7372128518960708,False,True,False,False,False,False,True,True,False,False,False,False,False,True,False,False,True,True,False,False,False,False,True
0.9275926979031666,1.4347871285872762,0.9232972430933273,1.1478795252027478,1.147879525202748,True,False,False,False,False,True,False,False,False,False,False,False,True,False,True,False,True,False,True,False,False,False,True
1.262826777376664,1.77970446321569,2.1184503106958186,1.8100318740450994,1.8100318740450998,True,False,False,False,False,True,False,False,False,False,True,False,False,True,False,True,False,False,True,False,False,False,True
0.32417135485087145,0.9519028601074969,0.5913102798704131,0.6512652635709838,0.6512652635709841,True,False,True,False,False,False,False,False,False,False,False,False,True,False,True,False,True,False,False,True,False,False,True
-0.01106272462262583,-0.3587830114804756,-0.4046506097983295,-0.27101836517372063,-0.2710183651737203,False,True,True,False,False,False,False,False,True,False,False,False,False,False,True,False,True,False,False,True,False,False,True
0.9275926979031666,1.1588532608845452,0.9896946357379102,1.0769346306839243,1.0769346306839247,True,False,False,True,False,False,False,True,False,False,False,False,False,False,True,False,True,False,True,False,False,False,True
1.3969204091660627,2.124621797844104,1.7864633474729041,1.857328470390982,1.8573284703909823,False,True,False,False,True,False,False,True,False,False,False,False,False,False,True,True,False,False,True,False,False,False,True
0.8605458820084672,0.8139359262561313,0.19292592400291605,0.6512652635709838,0.6512652635709841,False,True,False,False,True,False,False,False,False,False,True,False,False,True,False,False,True,False,False,True,False,False,True
-1.8883735696742106,-1.393535015365717,-1.5334062847562377,-1.689916255550189,-1.6899162555501885,True,False,False,False,False,False,True,False,False,False,False,False,True,True,False,False,True,True,False,False,False,True,False
-1.8883735696742106,-1.8074358169198135,-1.6662010700454035,-1.879102640933718,-1.8791026409337177,True,False,True,False,False,False,False,False,False,False,False,False,True,True,False,False,True,True,False,False,False,True,False
0.05598409127207363,0.46901859162771753,0.4585154945812474,0.3438373873227493,0.3438373873227493,True,False,False,False,False,False,True,False,False,False,False,True,False,False,True,False,True,False,False,True,False,False,True
-0.14515635641202473,0.26206819085066924,0.12652853135833322,0.08370610742039647,0.0837061074203968,True,False,False,False,False,False,True,False,True,False,False,False,False,False,True,False,True,False,False,True,False,False,True
-0.6144840676749209,0.606985525479083,-0.07266364657541531,-0.03453538344430957,-0.03453538344430889,True,False,False,False,True,False,False,True,False,False,False,False,False,True,False,False,True,False,False,True,False,False,True
-0.27924998820142366,-0.3587830114804756,-0.27185582450916385,-0.31831496151960276,-0.31831496151960254,True,False,False,False,False,True,False,False,False,True,False,False,False,False,True,False,True,False,False,True,False,False,True
0.4582649866402704,0.055117790073620984,0.4585154945812474,0.3438373873227493,0.3438373873227493,False,True,False,False,False,True,False,False,False,False,True,False,False,False,True,False,True,False,False,True,False,False,True
0.4582649866402704,-0.1518326107034273,-0.603842787732078,-0.10548027796313299,-0.10548027796313231,False,True,False,False,False,False,True,False,False,False,False,False,True,True,False,True,False,False,False,True,False,False,True
0.7264522502190682,-0.08284914377774454,0.5913102798704131,0.43843058001451357,0.43843058001451385,True,False,False,False,False,True,False,False,False,False,False,True,False,False,True,False,True,False,False,True,False,False,True
0.6594054343243687,-0.1518326107034273,-0.07266364657541531,0.15465100193921988,0.1546510019392202,False,True,False,False,False,False,True,False,False,False,False,True,False,False,True,False,True,False,False,True,False,False,True
-0.6144840676749209,-1.048617680737303,-0.8030349656658266,-0.8622258194972493,-0.8622258194972487,False,True,False,False,True,False,False,True,False,False,False,False,False,False,True,True,False,True,False,False,False,False,True
-0.07810954051732528,0.33105165777635204,0.5913102798704131,0.29654079097686675,0.29654079097686703,True,False,False,False,True,False,False,False,False,False,False,False,True,False,True,True,False,False,False,True,False,False,True
-1.217905410727216,-1.669468883068448,-1.798995855334569,-1.642619659204307,-1.6426196592043063,False,True,True,False,False,False,False,False,False,True,False,False,False,True,False,False,True,True,False,False,False,False,True
-1.0838117789378172,-0.1518326107034273,-0.3382532171537467,-0.5547979432490143,-0.5547979432490139,True,False,False,True,False,False,False,False,False,True,False,False,False,True,False,False,True,False,False,True,False,False,True
1.262826777376664,1.3658036616615934,1.7864633474729041,1.5499005941427475,1.5499005941427473,True,False,False,False,True,False,False,True,False,False,False,False,False,False,True,False,True,False,True,False,False,False,True
0.5253118025349698,-0.42776647840615833,-0.7366375730212437,-0.223721768827838,-0.223721768827838,False,True,False,True,False,False,False,False,False,False,False,False,True,False,True,False,True,False,False,True,False,False,True
-0.4133436199908226,-0.7037003461088894,-0.9358297509549922,-0.7203360304596025,-0.7203360304596019,False,True,False,False,False,True,False,False,False,False,False,False,True,False,True,False,True,True,False,False,False,False,True
-0.48039043588552205,-1.048617680737303,-0.07266364657541531,-0.5547979432490143,-0.5547979432490139,True,False,False,False,True,False,False,False,False,False,False,False,True,False,True,True,False,False,False,True,False,False,True
-0.8826713312537188,-1.8074358169198135,-1.6662010700454035,-1.524378168339601,-1.5243781683396005,False,True,True,False,False,False,False,False,False,False,False,True,False,False,True,False,True,True,False,False,False,False,True
-1.1508585948325165,-0.28979954455479284,-0.8694323583104093,-0.8149292231513667,-0.8149292231513664,True,False,True,False,False,False,False,False,False,False,False,True,False,True,False,False,True,True,False,False,False,False,True
1.4639672250607623,2.055638330918421,2.1184503106958186,1.975569961255688,1.9755699612556878,True,False,False,False,False,True,False,False,False,True,False,False,False,False,True,True,False,False,True,False,False,False,True
-0.8156245153590194,-0.7037003461088894,-0.4046506097983295,-0.6730394341137198,-0.6730394341137196,True,False,False,False,True,False,False,False,False,True,False,False,False,False,True,False,True,True,False,False,False,False,True
-0.2122031723067242,0.26206819085066924,-0.006266253930832468,0.012761212901573048,0.012761212901573383,True,False,False,False,True,False,False,False,False,False,False,False,True,False,True,False,True,False,False,True,False,False,True
-0.07810954051732528,-0.28979954455479284,-0.3382532171537467,-0.24737006700077982,-0.24737006700077913,False,True,False,True,False,False,False,True,False,False,False,False,False,False,True,True,False,False,False,True,False,False,True
1.0616863296925656,0.7449524593304486,0.5913102798704131,0.8404516489545133,0.8404516489545132,True,False,False,True,False,False,False,True,False,False,False,False,False,False,True,False,True,False,False,True,False,False,True
-0.9497181471484183,-0.8416672799602549,-0.8030349656658266,-0.9095224158431314,-0.909522415843131,True,False,False,False,False,True,False,False,False,True,False,False,False,True,False,True,False,True,False,False,False,False,True
1.3969204091660627,1.0208863270331796,1.1224894210270757,1.242472717894512,1.2424727178945125,False,True,False,False,False,True,False,True,False,False,False,False,False,False,True,True,False,False,True,False,False,False,True
0.257124538956172,0.12410125699930374,0.3921181019366646,0.2728924928039259,0.2728924928039259,True,False,False,False,False,True,False,False,False,False,True,False,False,False,True,True,False,False,False,True,False,False,True
1.1957799614819644,0.9519028601074969,0.657707672514996,0.9823414379921601,0.98234143799216,False,True,False,False,False,False,True,False,False,False,False,True,False,False,True,True,False,False,True,False,False,False,True
0.32417135485087145,-0.22081607762911007,-0.5374453950874952,-0.1527768743090146,-0.15277687430901457,False,True,False,False,False,True,False,True,False,False,False,False,False,False,True,False,True,False,False,True,False,False,True
-0.2122031723067242,-0.1518326107034273,-0.07266364657541531,-0.1527768743090146,-0.15277687430901457,False,True,False,True,False,False,False,False,False,False,False,False,True,False,True,True,False,False,False,True,False,False,True
-1.0167649630431177,0.1930847239249865,0.7241050651595787,-0.03453538344430957,-0.03453538344430889,True,False,False,False,True,False,False,False,True,False,False,False,False,True,False,True,False,False,False,True,False,False,True
1.1957799614819644,0.26206819085066924,0.06013113871375037,0.5330237727062778,0.5330237727062784,False,True,False,False,False,False,True,False,False,True,False,False,False,False,True,False,True,False,False,True,False,False,True
0.32417135485087145,0.33105165777635204,-0.006266253930832468,0.22559589645804332,0.22559589645804362,False,True,False,False,True,False,False,False,True,False,False,False,False,False,True,True,False,False,False,True,False,False,True
0.5253118025349698,0.26206819085066924,-0.07266364657541531,0.2492441946309841,0.24924419463098477,False,True,False,False,True,False,False,True,False,False,False,False,False,False,True,False,True,False,False,True,False,False,True
0.12303090716677309,-0.7037003461088894,-0.4046506097983295,-0.34196325969254404,-0.3419632596925437,False,True,False,False,False,True,False,False,False,False,False,True,False,False,True,False,True,False,False,True,False,False,True
-0.6144840676749209,-0.9106507468859377,-0.9358297509549922,-0.8622258194972493,-0.8622258194972487,False,True,False,False,False,False,True,False,False,True,False,False,False,True,False,True,False,True,False,False,False,False,True
1.0616863296925656,1.6417375293643244,1.6536685621837386,1.5262522959698057,1.5262522959698062,True,False,False,False,True,False,False,True,False,False,False,False,False,True,False,True,False,False,True,False,False,False,True
-0.6144840676749209,-0.7726838130345721,-0.27185582450916385,-0.5784462414219557,-0.5784462414219551,True,False,False,False,False,True,False,False,False,True,False,False,False,False,True,True,False,True,False,False,False,False,True
-1.2849522266219155,-0.7726838130345721,-0.07266364657541531,-0.7439843286325433,-0.743984328632543,True,False,False,False,False,True,False,False,False,False,True,False,False,True,False,True,False,True,False,False,False,False,True
-0.48039043588552205,1.0898697939588624,0.7905024578041616,0.4857271763603962,0.48572717636039614,True,False,True,False,False,False,False,False,False,False,False,False,True,False,True,True,False,False,False,True,False,False,True
-1.6872331219901122,-2.0833696846225447,-2.263777603846649,-2.1155856226631298,-2.115585622663129,False,True,False,True,False,False,False,False,False,False,False,True,False,True,False,False,True,False,False,False,True,True,False
-0.27924998820142366,-0.1518326107034273,-0.4046506097983295,-0.2946666633466619,-0.2946666633466614,True,False,False,False,True,False,False,False,False,False,False,True,False,True,False,False,True,False,False,True,False,False,True
1.3298735932713632,0.9519028601074969,1.1888868136716586,1.2188244197215712,1.2188244197215714,False,True,False,False,True,False,False,False,True,False,False,False,False,False,True,False,True,False,True,False,False,False,True
0.19007772306147255,0.12410125699930374,-0.205458431864581,0.03640951107451385,0.03640951107451452,False,True,False,False,True,False,False,False,False,False,False,False,True,True,False,False,True,False,False,True,False,False,True
-0.07810954051732528,-0.7037003461088894,-1.002227143599575,-0.6257428377678378,-0.6257428377678373,False,True,True,False,False,False,False,False,False,False,False,False,True,True,False,False,True,True,False,False,False,False,True
0.12303090716677309,-0.42776647840615833,-0.9358297509549922,-0.4365564523843088,-0.43655645238430824,False,True,False,False,True,False,False,False,False,False,False,False,True,True,False,False,True,False,False,True,False,False,True
-0.14515635641202473,-0.22081607762911007,-0.603842787732078,-0.34196325969254404,-0.3419632596925437,False,True,False,False,True,False,False,True,False,False,False,False,False,True,False,False,True,False,False,True,False,False,True
-0.3462968040961231,0.1930847239249865,0.12652853135833322,-0.010887085271367756,-0.010887085271367754,True,False,False,False,True,False,False,False,False,True,False,False,False,False,True,False,True,False,False,True,False,False,True
-0.3462968040961231,-0.9106507468859377,-0.8694323583104093,-0.7439843286325433,-0.743984328632543,False,True,False,False,True,False,False,False,False,True,False,False,False,False,True,False,True,True,False,False,False,False,True
-1.2849522266219155,-0.7037003461088894,-1.2014193215333235,-1.1223570993996017,-1.1223570993996013,True,False,True,False,False,False,False,False,False,False,False,False,True,True,False,False,True,True,False,False,False,False,True
0.4582649866402704,-0.22081607762911007,-0.13906103921999816,0.03640951107451385,0.03640951107451452,False,True,False,False,True,False,False,False,False,False,False,False,True,False,True,False,True,False,False,True,False,False,True
-1.0838117789378172,-1.4625184822913997,-1.002227143599575,-1.2405985902643073,-1.2405985902643069,False,True,False,False,True,False,False,False,False,False,False,True,False,True,False,True,False,True,False,False,False,False,True
0.5923586184296693,-0.08284914377774454,-0.27185582450916385,0.08370610742039647,0.0837061074203968,False,True,False,False,False,True,False,True,False,False,False,False,False,False,True,False,True,False,False,True,False,False,True
0.5923586184296693,-0.22081607762911007,0.32572070929208174,0.2492441946309841,0.24924419463098477,False,True,False,False,False,True,False,True,False,False,False,False,False,True,False,False,True,False,False,True,False,False,True
0.257124538956172,-0.9106507468859377,-1.1350219288887406,-0.6257428377678378,-0.6257428377678373,False,True,False,False,True,False,False,False,False,True,False,False,False,False,True,False,True,True,False,False,False,False,True
1.5310140409554618,1.2968201947359106,0.9232972430933273,1.3134176124133354,1.3134176124133359,False,True,False,False,False,True,False,False,False,False,False,False,True,False,True,True,False,False,True,False,False,False,True
0.05598409127207363,0.8139359262561313,0.7241050651595787,0.5566720708792197,0.5566720708792195,True,False,False,False,True,False,False,False,False,False,False,True,False,False,True,True,False,False,False,True,False,False,True
0.7934990661137676,0.8139359262561313,0.7905024578041616,0.8404516489545133,0.8404516489545132,True,False,False,False,False,True,False,False,False,True,False,False,False,False,True,False,True,False,False,True,False,False,True
-0.48039043588552205,0.26206819085066924,0.06013113871375037,-0.05818368161725037,-0.05818368161725003,True,False,True,False,False,False,False,False,False,False,False,False,True,True,False,False,True,False,False,True,False,False,True
0.4582649866402704,0.9519028601074969,0.5249128872258303,0.6749135617439246,0.6749135617439252,True,False,False,True,False,False,False,True,False,False,False,False,False,False,True,False,True,False,False,True,False,False,True
0.8605458820084672,0.8829193931818141,0.32572070929208174,0.7222101580898073,0.7222101580898075,False,True,True,False,False,False,False,False,False,False,False,False,True,True,False,False,True,False,False,True,False,False,True
0.05598409127207363,0.33105165777635204,0.5913102798704131,0.3438373873227493,0.3438373873227493,True,False,False,False,True,False,False,False,False,False,False,False,True,False,True,True,False,False,False,True,False,False,True
0.19007772306147255,-0.22081607762911007,-0.5374453950874952,-0.20007347065489722,-0.20007347065489686,False,True,False,False,False,True,False,False,False,False,False,True,False,True,False,False,True,False,False,True,False,False,True
1.3298735932713632,0.8139359262561313,0.7905024578041616,1.0296380343380418,1.0296380343380422,False,True,False,False,True,False,False,False,False,True,False,False,False,False,True,True,False,False,True,False,False,False,True
-1.2849522266219155,-1.6004854161427653,-1.7325984626899862,-1.6189713610313656,-1.6189713610313652,False,True,False,True,False,False,False,False,False,True,False,False,False,False,True,False,True,True,False,False,False,False,True
0.9946395137978661,0.26206819085066924,0.2593233166474989,0.5330237727062778,0.5330237727062784,False,True,False,True,False,False,False,True,False,False,False,False,False,False,True,False,True,False,False,True,False,False,True
-0.14515635641202473,1.0898697939588624,1.1224894210270757,0.7222101580898073,0.7222101580898075,True,False,False,False,True,False,False,False,False,False,False,True,False,True,False,True,False,False,False,True,False,False,True
2.2685290157971556,1.5727540624386418,1.91925813276207,2.0228665576015694,2.0228665576015703,True,False,False,False,False,False,True,False,False,False,False,True,False,False,True,False,True,False,True,False,False,False,True
-0.07810954051732528,0.5380020585534003,0.3921181019366646,0.29654079097686675,0.29654079097686703,True,False,False,False,True,False,False,True,False,False,False,False,False,True,False,False,True,False,False,True,False,False,True
-0.07810954051732528,-0.7726838130345721,-1.2678167141779064,-0.7439843286325433,-0.743984328632543,False,True,False,False,True,False,False,False,False,False,False,True,False,True,False,False,True,True,False,False,False,False,True
-0.8826713312537188,-0.5657334122575238,-0.4046506097983295,-0.649391135940779,-0.6493911359407785,True,False,False,False,True,False,False,True,False,False,False,False,False,True,False,False,True,True,False,False,False,False,True
-1.95542038556891,-0.9106507468859377,-1.400611499467072,-1.50072987016666,-1.5007298701666594,False,True,False,False,True,False,False,False,True,False,False,False,False,True,False,False,True,True,False,False,False,True,False
0.8605458820084672,1.3658036616615934,1.388078991605407,1.2661210160674539,1.2661210160674536,True,False,False,False,False,True,False,False,True,False,False,False,False,False,True,False,True,False,True,False,False,False,True
-0.8826713312537188,-1.048617680737303,-1.3342141068224893,-1.146005397572543,-1.1460053975725424,False,True,False,False,False,True,False,True,False,False,False,False,False,True,False,False,True,True,False,False,False,False,True
2.2685290157971556,2.124621797844104,2.1184503106958186,2.2829978375039226,2.2829978375039226,True,False,False,False,False,False,True,False,True,False,False,False,False,False,True,False,True,False,True,False,False,False,True
0.3912181707455709,-0.28979954455479284,-0.006266253930832468,0.03640951107451385,0.03640951107451452,False,True,False,True,False,False,False,False,False,True,False,False,False,False,True,True,False,False,False,True,False,False,True
-0.8826713312537188,-0.7726838130345721,-0.8694323583104093,-0.8858741176701901,-0.8858741176701899,False,True,False,False,True,False,False,False,True,False,False,False,False,True,False,False,True,True,False,False,False,False,True
-0.8156245153590194,-1.048617680737303,-1.5334062847562377,-1.193301993918425,-1.1933019939184246,False,True,False,True,False,False,False,False,False,False,False,True,False,True,False,False,True,True,False,False,False,False,True
0.32417135485087145,0.055117790073620984,0.5249128872258303,0.32018908914980754,0.3201890891498082,True,False,False,False,False,False,True,False,False,False,False,True,False,False,True,False,True,False,False,True,False,False,True
0.7264522502190682,1.4347871285872762,1.5208737768945728,1.2897693142403945,1.2897693142403948,True,False,False,False,True,False,False,False,False,False,False,True,False,True,False,False,True,False,True,False,False,False,True
0.5923586184296693,-0.7726838130345721,-0.4046506097983295,-0.20007347065489722,-0.20007347065489686,False,True,True,False,False,False,False,False,True,False,False,False,False,False,True,True,False,False,False,True,False,False,True
1.1957799614819644,1.227836727810228,1.5208737768945728,1.3843625069321588,1.3843625069321595,True,False,False,False,True,False,False,False,False,False,False,True,False,False,True,False,True,False,True,False,False,False,True
-2.6258885445159046,-2.6352374200280066,-1.9981880332683177,-2.54125498977607,-2.5412549897760695,True,False,False,False,False,True,False,True,False,False,False,False,False,True,False,False,True,False,False,False,True,True,False
0.3912181707455709,-0.1518326107034273,-0.205458431864581,0.012761212901573048,0.012761212901573383,False,True,True,False,False,False,False,False,False,True,False,False,False,True,False,True,False,False,False,True,False,False,True
0.7264522502190682,1.2968201947359106,1.1224894210270757,1.1005829288568652,1.1005829288568658,True,False,True,False,False,False,False,False,False,True,False,False,False,True,False,True,False,False,True,False,False,False,True
1.6651076727448606,0.33105165777635204,0.5249128872258303,0.8877482453003949,0.8877482453003955,False,True,False,False,True,False,False,False,False,False,False,True,False,False,True,False,True,False,True,False,False,False,True
1.128733145587265,1.0898697939588624,1.45447638424999,1.2897693142403945,1.2897693142403948,True,False,False,False,True,False,False,True,False,False,False,False,False,False,True,True,False,False,True,False,False,False,True
-0.2122031723067242,-0.013865676852061781,0.3921181019366646,0.060057809247455664,0.06005780924745566,True,False,False,False,True,False,False,False,False,True,False,False,False,False,True,False,True,False,False,True,False,False,True
0.12303090716677309,1.1588532608845452,1.056092028382493,0.8168033507815715,0.8168033507815721,True,False,False,False,True,False,False,True,False,False,False,False,False,False,True,True,False,False,False,True,False,False,True
-0.48039043588552205,-0.1518326107034273,-0.47104800244291234,-0.38925985603842617,-0.38925985603842594,True,False,False,False,False,True,False,False,False,False,False,False,True,False,True,False,True,False,False,True,False,False,True
1.598060856850161,1.4347871285872762,1.5208737768945728,1.597197190488629,1.5971971904886297,True,False,False,True,False,False,False,True,False,False,False,False,False,False,True,True,False,False,True,False,False,False,True
0.32417135485087145,0.46901859162771753,0.9896946357379102,0.627616965398043,0.627616965398043,True,False,False,False,False,True,False,False,True,False,False,False,False,False,True,True,False,False,False,True,False,False,True
0.6594054343243687,-0.4967499453318411,-0.13906103921999816,0.012761212901573048,0.012761212901573383,False,True,False,False,False,False,True,False,True,False,False,False,False,False,True,True,False,False,False,True,False,False,True
0.9275926979031666,-0.08284914377774454,0.2593233166474989,0.39113398366863095,0.3911339836686316,False,True,False,False,False,True,False,True,False,False,False,False,False,False,True,False,True,False,False,True,False,False,True
-0.7485776994643198,-0.3587830114804756,0.12652853135833322,-0.34196325969254404,-0.3419632596925437,True,False,False,False,False,True,False,False,False,False,True,False,False,False,True,False,True,False,False,True,False,False,True
0.6594054343243687,0.12410125699930374,-0.07266364657541531,0.2492441946309841,0.24924419463098477,False,True,False,False,False,False,True,True,False,False,False,False,False,False,True,False,True,False,False,True,False,False,True
0.4582649866402704,0.12410125699930374,-0.006266253930832468,0.2019475982851025,0.20194759828510248,False,True,False,True,False,False,False,False,False,True,False,False,False,False,True,True,False,False,False,True,False,False,True
-0.9497181471484183,-0.7037003461088894,-0.8030349656658266,-0.8622258194972493,-0.8622258194972487,True,False,False,False,False,True,False,True,False,False,False,False,False,True,False,False,True,True,False,False,False,False,True
0.12303090716677309,-0.08284914377774454,-0.47104800244291234,-0.1527768743090146,-0.15277687430901457,False,True,False,False,True,False,False,False,False,False,False,True,False,True,False,False,True,False,False,True,False,False,True
-0.48039043588552205,-1.1865846145886687,-1.4670088921116549,-1.0987088012266604,-1.0987088012266601,False,True,True,False,False,False,False,False,False,True,False,False,False,False,True,False,True,True,False,False,False,False,True
-1.1508585948325165,-1.1865846145886687,-0.9358297509549922,-1.146005397572543,-1.1460053975725424,True,False,False,True,False,False,False,True,False,False,False,False,False,False,True,False,True,True,False,False,False,False,True
0.257124538956172,0.33105165777635204,0.19292592400291605,0.2728924928039259,0.2728924928039259,False,True,False,False,True,False,False,False,False,True,False,False,False,False,True,False,True,False,False,True,False,False,True
-0.3462968040961231,-1.5315019492170825,-0.8030349656658266,-0.9331707140160728,-0.9331707140160721,False,True,False,False,False,True,False,False,False,False,False,True,False,True,False,False,True,True,False,False,False,False,True
-0.4133436199908226,0.4000351247020348,0.3921181019366646,0.1310027037662791,0.13100270376627907,True,False,False,False,True,False,False,True,False,False,False,False,False,True,False,False,True,False,False,True,False,False,True
-0.14515635641202473,-1.117601147662986,-0.7366375730212437,-0.6966877322866611,-0.6966877322866608,False,True,False,True,False,False,False,False,False,False,False,False,True,False,True,True,False,True,False,False,False,False,True
0.8605458820084672,0.8829193931818141,0.9232972430933273,0.9350448416462775,0.9350448416462778,False,True,True,False,False,False,False,True,False,False,False,False,False,True,False,True,False,False,True,False,False,False,True
-0.07810954051732528,1.0898697939588624,0.5249128872258303,0.5330237727062778,0.5330237727062784,True,False,True,False,False,False,False,True,False,False,False,False,False,True,False,False,True,False,False,True,False,False,True
-0.14515635641202473,-0.3587830114804756,0.12652853135833322,-0.12912857613607379,-0.12912857613607345,True,False,False,False,True,False,False,True,False,False,False,False,False,False,True,False,True,False,False,True,False,False,True
1.128733145587265,0.9519028601074969,1.45447638424999,1.242472717894512,1.2424727178945125,True,False,False,False,True,False,False,False,False,False,False,True,False,False,True,False,True,False,True,False,False,False,True
0.9946395137978661,1.2968201947359106,1.45447638424999,1.3134176124133354,1.3134176124133359,True,False,False,False,True,False,False,False,True,False,False,False,False,False,True,False,True,False,True,False,False,False,True
-0.8156245153590194,-0.3587830114804756,-0.006266253930832468,-0.41290815421136745,-0.4129081542113671,True,False,False,True,False,False,False,False,False,True,False,False,False,False,True,False,True,False,False,True,False,False,True
0.12303090716677309,-0.3587830114804756,-0.13906103921999816,-0.12912857613607379,-0.12912857613607345,False,True,False,False,False,True,False,False,False,True,False,False,False,False,True,True,False,False,False,True,False,False,True
-0.8156245153590194,-1.4625184822913997,-1.068624536244158,-1.1696536957454837,-1.1696536957454835,True,False,False,False,True,False,False,False,False,False,False,True,False,False,True,False,True,True,False,False,False,False,True
-0.48039043588552205,0.606985525479083,0.5249128872258303,0.22559589645804332,0.22559589645804362,True,False,False,False,False,True,False,False,False,False,False,True,False,True,False,True,False,False,False,True,False,False,True
-0.01106272462262583,-0.013865676852061781,-0.006266253930832468,-0.010887085271367756,-0.010887085271367754,True,False,False,True,False,False,False,False,False,False,False,False,True,False,True,False,True,False,False,True,False,False,True
0.6594054343243687,0.12410125699930374,0.2593233166474989,0.36748568549569016,0.36748568549569044,False,True,False,False,False,False,True,False,False,False,False,True,False,False,True,False,True,False,False,True,False,False,True
0.5253118025349698,0.6759689924047658,0.9232972430933273,0.745858456262748,0.7458584562627487,True,False,False,False,False,True,False,False,False,False,True,False,False,False,True,False,True,False,False,True,False,False,True
1.866248120428959,1.227836727810228,1.5872711695391557,1.6444937868345118,1.644493786834512,True,False,False,True,False,False,False,True,False,False,False,False,False,False,True,True,False,False,True,False,False,False,True
-0.2122031723067242,-0.5657334122575238,-0.9358297509549922,-0.6020945395948964,-0.6020945395948962,False,True,False,False,True,False,False,False,False,False,False,True,False,True,False,False,True,True,False,False,False,False,True
1.9332949363236585,1.3658036616615934,1.5872711695391557,1.715438681353335,1.7154386813533353,True,False,False,False,False,False,True,True,False,False,False,False,False,False,True,True,False,False,True,False,False,False,True
-1.7542799378848117,-0.7037003461088894,-0.9358297509549922,-1.193301993918425,-1.1933019939184246,True,False,False,False,False,True,False,False,False,False,True,False,False,True,False,False,True,True,False,False,False,False,True
1.0616863296925656,0.8829193931818141,0.7905024578041616,0.9586931398192183,0.9586931398192189,True,False,False,True,False,False,False,False,False,False,False,False,True,False,True,False,True,False,True,False,False,False,True
0.12303090716677309,0.055117790073620984,-0.13906103921999816,0.012761212901573048,0.012761212901573383,False,True,True,False,False,False,False,False,False,True,False,False,False,False,True,False,True,False,False,True,False,False,True
-0.7485776994643198,-0.7037003461088894,-0.9358297509549922,-0.838577521324308,-0.8385775213243076,False,True,False,True,False,False,False,False,True,False,False,False,False,True,False,False,True,True,False,False,False,False,True
0.8605458820084672,0.606985525479083,0.5913102798704131,0.7222101580898073,0.7222101580898075,False,True,False,False,True,False,False,False,False,False,True,False,False,False,True,False,True,False,False,True,False,False,True
1.3298735932713632,1.5727540624386418,1.2552842063162415,1.4553074014509824,1.4553074014509828,True,False,False,False,True,False,False,False,True,False,False,False,False,False,True,False,True,False,True,False,False,False,True
0.6594054343243687,0.12410125699930374,0.32572070929208174,0.39113398366863095,0.3911339836686316,False,True,False,False,False,True,False,False,False,False,False,True,False,False,True,False,True,False,False,True,False,False,True
-0.14515635641202473,-1.3245515484400343,-1.6662010700454035,-1.0987088012266604,-1.0987088012266601,False,True,True,False,False,False,False,False,False,False,False,False,True,False,True,False,True,True,False,False,False,False,True
-0.27924998820142366,-1.393535015365717,-1.068624536244158,-0.9568190121890136,-0.9568190121890133,False,True,False,False,False,True,False,False,False,False,False,False,True,True,False,False,True,True,False,False,False,False,True
-0.8156245153590194,-0.5657334122575238,-0.4046506097983295,-0.6257428377678378,-0.6257428377678373,True,False,False,True,False,False,False,False,False,False,False,False,True,False,True,True,False,True,False,False,False,False,True
0.7264522502190682,1.9176713970670556,1.7200659548283213,1.5262522959698057,1.5262522959698062,True,False,False,True,False,False,False,False,False,False,True,False,False,True,False,True,False,False,True,False,False,False,True
0.6594054343243687,1.227836727810228,1.1224894210270757,1.0532863325109836,1.0532863325109834,True,False,False,False,True,False,False,False,False,False,False,False,True,False,True,True,False,False,True,False,False,False,True
0.5253118025349698,1.3658036616615934,1.056092028382493,1.0296380343380418,1.0296380343380422,True,False,False,False,False,True,False,False,False,False,False,True,False,False,True,False,True,False,True,False,False,False,True
-0.01106272462262583,0.33105165777635204,0.32572070929208174,0.22559589645804332,0.22559589645804362,True,False,False,False,False,False,True,False,False,False,False,True,False,False,True,True,False,False,False,True,False,False,True
-0.01106272462262583,0.606985525479083,0.657707672514996,0.43843058001451357,0.43843058001451385,True,False,False,False,False,True,False,False,False,False,False,False,True,False,True,True,False,False,False,True,False,False,True
0.05598409127207363,0.606985525479083,0.7241050651595787,0.4857271763603962,0.48572717636039614,True,False,False,True,False,False,False,False,False,True,False,False,False,True,False,True,False,False,False,True,False,False,True
0.32417135485087145,-1.393535015365717,-1.068624536244158,-0.7439843286325433,-0.743984328632543,False,True,False,False,False,True,False,False,False,False,False,True,False,False,True,False,True,True,False,False,False,False,True
1.6651076727448606,1.1588532608845452,1.056092028382493,1.3607142087592181,1.3607142087592183,True,False,False,False,True,False,False,True,False,False,False,False,False,False,True,False,True,False,True,False,False,False,True
0.19007772306147255,-0.7726838130345721,-0.7366375730212437,-0.4602047505572496,-0.46020475055724935,False,True,False,False,False,True,False,False,True,False,False,False,False,False,True,False,True,False,False,True,False,False,True
-0.8156245153590194,-0.7037003461088894,-1.2014193215333235,-0.9568190121890136,-0.9568190121890133,False,True,False,False,True,False,False,False,False,False,True,False,False,True,False,False,True,True,False,False,False,False,True
-0.8826713312537188,-1.1865846145886687,-1.2678167141779064,-1.1696536957454837,-1.1696536957454835,False,True,False,False,True,False,False,False,False,True,False,False,False,False,True,True,False,True,False,False,False,False,True
0.12303090716677309,-0.6347168791832066,-0.603842787732078,-0.38925985603842617,-0.38925985603842594,False,True,False,False,False,False,True,False,False,False,False,True,False,False,True,False,True,False,False,True,False,False,True
-0.6815308835696204,-0.5657334122575238,-0.5374453950874952,-0.6257428377678378,-0.6257428377678373,False,True,False,False,True,False,False,False,False,False,False,False,True,True,False,True,False,True,False,False,False,False,True
-2.0224672014636096,-1.117601147662986,-1.6662010700454035,-1.689916255550189,-1.6899162555501885,True,False,False,False,True,False,False,False,False,True,False,False,False,True,False,False,True,True,False,False,False,True,False
-2.4917949127265056,-1.945402750771179,-1.400611499467072,-2.044640728144306,-2.0446407281443055,True,False,False,False,False,True,False,False,True,False,False,False,False,True,False,False,True,False,False,False,True,True,False
-0.27924998820142366,0.33105165777635204,0.12652853135833322,0.060057809247455664,0.06005780924745566,True,False,False,False,True,False,False,True,False,False,False,False,False,False,True,False,True,False,False,True,False,False,True
0.12303090716677309,-0.1518326107034273,0.32572070929208174,0.10735440559333727,0.10735440559333793,True,False,False,False,True,False,False,True,False,False,False,False,False,False,True,True,False,False,False,True,False,False,True
-1.2849522266219155,-1.048617680737303,-1.002227143599575,-1.1696536957454837,-1.1696536957454835,True,False,False,False,True,False,False,False,False,False,False,False,True,False,True,False,True,True,False,False,False,False,True
-0.27924998820142366,-0.5657334122575238,-0.6702401803766609,-0.531149645076073,-0.5311496450760728,False,True,False,False,False,False,True,True,False,False,False,False,False,False,True,True,False,False,False,True,False,False,True
0.8605458820084672,1.2968201947359106,1.7200659548283213,1.3607142087592181,1.3607142087592183,True,False,False,False,False,False,True,True,False,False,False,False,False,False,True,True,False,False,True,False,False,False,True
0.4582649866402704,-0.013865676852061781,-0.006266253930832468,0.15465100193921988,0.1546510019392202,False,True,False,True,False,False,False,False,False,True,False,False,False,False,True,True,False,False,False,True,False,False,True
-0.01106272462262583,0.9519028601074969,0.9896946357379102,0.6749135617439246,0.6749135617439252,True,False,False,False,True,False,False,False,True,False,False,False,False,True,False,True,False,False,False,True,False,False,True
-1.0167649630431177,-0.6347168791832066,-0.6702401803766609,-0.8149292231513667,-0.8149292231513664,False,True,False,False,True,False,False,True,False,False,False,False,False,False,True,True,False,True,False,False,False,False,True
-1.0167649630431177,-0.22081607762911007,-0.4046506097983295,-0.5784462414219557,-0.5784462414219551,True,False,False,False,False,True,False,False,False,True,False,False,False,False,True,False,True,True,False,False,False,False,True
1.262826777376664,-0.22081607762911007,0.19292592400291605,0.43843058001451357,0.43843058001451385,False,True,False,False,False,False,True,False,True,False,False,False,False,False,True,True,False,False,False,True,False,False,True
2.0673885681130573,1.5727540624386418,1.1888868136716586,1.6917903831803944,1.6917903831803942,False,True,True,False,False,False,False,True,False,False,False,False,False,False,True,True,False,False,True,False,False,False,True
0.5923586184296693,-0.013865676852061781,-0.006266253930832468,0.2019475982851025,0.20194759828510248,False,True,False,False,True,False,False,False,False,True,False,False,False,False,True,True,False,False,False,True,False,False,True
0.8605458820084672,0.8829193931818141,0.7905024578041616,0.8877482453003949,0.8877482453003955,False,True,False,False,False,True,False,True,False,False,False,False,False,True,False,True,False,False,True,False,False,False,True
0.9946395137978661,0.5380020585534003,0.7241050651595787,0.7931550526086306,0.793155052608631,True,False,False,False,True,False,False,True,False,False,False,False,False,False,True,False,True,False,False,True,False,False,True
1.0616863296925656,1.77970446321569,1.388078991605407,1.4789556996239241,1.478955699623924,True,False,False,False,False,True,False,True,False,False,False,False,False,False,True,False,True,False,True,False,False,False,True
-0.14515635641202473,-0.42776647840615833,-0.13906103921999816,-0.24737006700077982,-0.24737006700077913,True,False,False,False,False,True,False,False,False,False,True,False,False,False,True,False,True,False,False,True,False,False,True
0.7934990661137676,0.9519028601074969,0.7905024578041616,0.8877482453003949,0.8877482453003955,False,True,False,False,False,False,True,False,False,False,False,False,True,True,False,True,False,False,True,False,False,False,True
1.7321544886395601,2.124621797844104,1.91925813276207,2.0228665576015694,2.0228665576015703,True,False,True,False,False,False,False,False,False,False,False,False,True,False,True,True,False,False,True,False,False,False,True
0.3912181707455709,-0.1518326107034273,-0.27185582450916385,-0.010887085271367756,-0.010887085271367754,False,True,False,False,True,False,False,False,False,True,False,False,False,False,True,True,False,False,False,True,False,False,True
-0.27924998820142366,-0.1518326107034273,-0.27185582450916385,-0.24737006700077982,-0.24737006700077913,True,False,False,False,True,False,False,False,False,True,False,False,False,True,False,False,True,False,False,True,False,False,True
0.8605458820084672,0.1930847239249865,0.06013113871375037,0.39113398366863095,0.3911339836686316,False,True,False,False,True,False,False,False,False,False,True,False,False,False,True,False,True,False,False,True,False,False,True
0.8605458820084672,0.46901859162771753,-0.205458431864581,0.39113398366863095,0.3911339836686316,False,True,False,False,True,False,False,False,False,False,False,False,True,True,False,False,True,False,False,True,False,False,True
1.3969204091660627,1.4347871285872762,1.3216815989608244,1.4553074014509824,1.4553074014509828,False,True,False,True,False,False,False,False,True,False,False,False,False,True,False,True,False,False,True,False,False,False,True
-1.7542799378848117,-1.4625184822913997,-1.2014193215333235,-1.5480264665125423,-1.5480264665125418,True,False,False,True,False,False,False,True,False,False,False,False,False,False,True,False,True,True,False,False,False,False,True
0.7264522502190682,-0.4967499453318411,-0.27185582450916385,-0.010887085271367756,-0.010887085271367754,False,True,False,False,False,True,False,False,False,False,False,True,False,True,False,False,True,False,False,True,False,False,True
-0.8826713312537188,-1.669468883068448,-1.865393247979152,-1.5480264665125423,-1.5480264665125418,False,True,False,False,False,False,True,True,False,False,False,False,False,False,True,False,True,True,False,False,False,False,True
-2.290654465042407,-2.0833696846225447,-2.3301749964912317,-2.352068604392541,-2.3520686043925405,True,False,False,False,True,False,False,False,False,False,False,True,False,True,False,False,True,False,False,False,True,True,False
-0.7485776994643198,0.1930847239249865,0.7241050651595787,0.060057809247455664,0.06005780924745566,True,False,False,False,True,False,False,True,False,False,False,False,False,False,True,True,False,False,False,True,False,False,True
-0.3462968040961231,-0.1518326107034273,-0.13906103921999816,-0.223721768827838,-0.223721768827838,False,True,False,False,True,False,False,False,False,False,True,False,False,True,False,False,True,False,False,True,False,False,True
-0.8826713312537188,0.055117790073620984,0.12652853135833322,-0.24737006700077982,-0.24737006700077913,True,False,False,True,False,False,False,True,False,False,False,False,False,True,False,False,True,False,False,True,False,False,True
0.4582649866402704,-0.22081607762911007,-0.4046506097983295,-0.05818368161725037,-0.05818368161725003,False,True,False,False,False,True,False,False,False,False,False,False,True,False,True,False,True,False,False,True,False,False,True
0.5253118025349698,0.4000351247020348,0.7241050651595787,0.5803203690521604,0.5803203690521607,True,False,False,False,False,True,False,False,False,False,False,True,False,False,True,True,False,False,False,True,False,False,True
-0.2122031723067242,0.33105165777635204,0.3921181019366646,0.1782993001121607,0.17829930011216136,True,False,False,False,True,False,False,False,False,False,False,True,False,False,True,False,True,False,False,True,False,False,True
2.000341752218358,1.4347871285872762,1.5872711695391557,1.7627352776992178,1.7627352776992176,False,True,False,False,True,False,False,False,True,False,False,False,False,False,True,True,False,False,True,False,False,False,True
-0.2122031723067242,0.7449524593304486,0.7905024578041616,0.46207887818745436,0.462078878187455,True,False,False,False,False,True,False,False,False,False,False,True,False,True,False,True,False,False,False,True,False,False,True
-1.217905410727216,-1.2555680815143515,-1.4670088921116549,-1.382488379301954,-1.3824883793019538,False,True,False,True,False,False,False,False,True,False,False,False,False,True,False,False,True,True,False,False,False,False,True
-1.217905410727216,-1.8074358169198135,-1.5334062847562377,-1.5953230628584243,-1.595323062858424,False,True,False,True,False,False,False,True,False,False,False,False,False,False,True,False,True,True,False,False,False,False,True
1.7321544886395601,2.124621797844104,2.1184503106958186,2.093811452120393,2.0938114521203937,True,False,False,False,False,False,True,False,True,False,False,False,False,True,False,True,False,False,True,False,False,False,True
-0.3462968040961231,0.12410125699930374,0.657707672514996,0.15465100193921988,0.1546510019392202,True,False,False,False,False,True,False,False,False,False,True,False,False,True,False,True,False,False,False,True,False,False,True
-0.2122031723067242,-1.4625184822913997,-1.400611499467072,-1.0750605030537195,-1.075060503053719,False,True,False,True,False,False,False,False,False,True,False,False,False,True,False,False,True,True,False,False,False,False,True
0.12303090716677309,-0.08284914377774454,-0.07266364657541531,-0.010887085271367756,-0.010887085271367754,False,True,False,False,False,True,False,False,True,False,False,False,False,True,False,False,True,False,False,True,False,False,True
0.32417135485087145,0.4000351247020348,0.12652853135833322,0.29654079097686675,0.29654079097686703,False,True,False,True,False,False,False,False,False,False,False,True,False,False,True,True,False,False,False,True,False,False,True
1.6651076727448606,1.8486879301413728,1.5872711695391557,1.7863835758721585,1.7863835758721587,False,True,True,False,False,False,False,False,True,False,False,False,False,False,True,False,True,False,True,False,False,False,True
-0.8826713312537188,-0.4967499453318411,-0.8030349656658266,-0.7676326268054846,-0.7676326268054842,True,False,False,False,True,False,False,False,False,False,False,True,False,False,True,False,True,True,False,False,False,False,True
-1.0838117789378172,-0.22081607762911007,-0.27185582450916385,-0.5547979432490143,-0.5547979432490139,True,False,False,False,True,False,False,False,False,True,False,False,False,True,False,True,False,False,False,True,False,False,True
0.5253118025349698,0.8139359262561313,0.19292592400291605,0.5330237727062778,0.5330237727062784,True,False,False,False,False,False,True,False,False,True,False,False,False,False,True,False,True,False,False,True,False,False,True
-1.7542799378848117,-0.9796342138116204,-1.002227143599575,-1.3115434847831307,-1.3115434847831304,False,True,True,False,False,False,False,True,False,False,False,False,False,True,False,True,False,True,False,False,False,False,True
-0.3462968040961231,-1.2555680815143515,-1.068624536244158,-0.9331707140160728,-0.9331707140160721,False,True,True,False,False,False,False,False,False,False,False,True,False,False,True,True,False,True,False,False,False,False,True
0.9946395137978661,1.503770595512959,1.388078991605407,1.3607142087592181,1.3607142087592183,True,False,False,True,False,False,False,False,False,True,False,False,False,False,True,False,True,False,True,False,False,False,True
-1.217905410727216,-0.9106507468859377,-0.6702401803766609,-0.9804673103619549,-0.9804673103619544,True,False,False,True,False,False,False,False,False,False,False,True,False,True,False,True,False,True,False,False,False,False,True
-0.8826713312537188,-0.5657334122575238,-0.006266253930832468,-0.5075013469031322,-0.5075013469031316,True,False,False,False,False,True,False,False,False,False,True,False,False,False,True,False,True,False,False,True,False,False,True
0.9946395137978661,1.9176713970670556,1.852860740117487,1.6681420850074524,1.668142085007453,True,False,False,False,False,True,False,False,False,False,False,False,True,False,True,False,True,False,True,False,False,False,True
0.7264522502190682,0.6759689924047658,0.7905024578041616,0.7695067544356898,0.7695067544356898,True,False,False,False,False,False,True,False,False,False,False,False,True,False,True,False,True,False,False,True,False,False,True
-0.2122031723067242,0.26206819085066924,0.657707672514996,0.2492441946309841,0.24924419463098477,True,False,False,False,False,True,False,False,True,False,False,False,False,True,False,False,True,False,False,True,False,False,True
0.4582649866402704,0.4000351247020348,0.7905024578041616,0.5803203690521604,0.5803203690521607,True,False,False,False,False,True,False,True,False,False,False,False,False,False,True,True,False,False,False,True,False,False,True
0.19007772306147255,0.5380020585534003,0.5913102798704131,0.46207887818745436,0.462078878187455,True,False,False,False,False,True,False,False,False,False,False,True,False,False,True,False,True,False,False,True,False,False,True
-0.07810954051732528,0.46901859162771753,0.5249128872258303,0.32018908914980754,0.3201890891498082,True,False,False,False,True,False,False,True,False,False,False,False,False,False,True,False,True,False,False,True,False,False,True
-0.7485776994643198,0.26206819085066924,0.32572070929208174,-0.05818368161725037,-0.05818368161725003,True,False,True,False,False,False,False,False,False,True,False,False,False,False,True,False,True,False,False,True,False,False,True
-1.4860926743060139,-0.42776647840615833,-0.4046506097983295,-0.8149292231513667,-0.8149292231513664,True,False,False,False,True,False,False,False,True,False,False,False,False,True,False,False,True,True,False,False,False,False,True
-0.8156245153590194,-0.3587830114804756,-0.205458431864581,-0.4838530487301909,-0.4838530487301905,True,False,False,False,True,False,False,False,False,False,False,True,False,False,True,False,True,False,False,True,False,False,True
-1.217905410727216,-0.22081607762911007,-0.205458431864581,-0.5784462414219557,-0.5784462414219551,True,False,True,False,False,False,False,False,False,False,False,False,True,False,True,False,True,True,False,False,False,False,True
-0.5474372517802215,-0.8416672799602549,-0.9358297509549922,-0.8149292231513667,-0.8149292231513664,False,True,False,False,True,False,False,False,False,False,False,True,False,True,False,False,True,True,False,False,False,False,True
0.32417135485087145,-0.4967499453318411,-1.2014193215333235,-0.4838530487301909,-0.4838530487301905,False,True,True,False,False,False,False,False,False,False,False,False,True,False,True,False,True,False,False,True,False,False,True
0.12303090716677309,-0.08284914377774454,-0.27185582450916385,-0.08183197979019118,-0.08183197979019118,False,True,False,False,False,False,True,False,True,False,False,False,False,False,True,False,True,False,False,True,False,False,True
0.5253118025349698,0.46901859162771753,0.32572070929208174,0.46207887818745436,0.462078878187455,True,False,False,False,False,False,True,False,False,True,False,False,False,False,True,False,True,False,False,True,False,False,True
1.7321544886395601,2.124621797844104,2.0520529180512357,2.070163153947452,2.0701631539474525,True,False,False,False,True,False,False,False,True,False,False,False,False,False,True,True,False,False,True,False,False,False,True
-0.6815308835696204,0.6759689924047658,0.2593233166474989,0.08370610742039647,0.0837061074203968,True,False,False,False,True,False,False,False,True,False,False,False,False,False,True,True,False,False,False,True,False,False,True
-2.4247480968318063,-2.7732043538793723,-2.8032564190838847,-2.8043423069500397,-2.8043423069500397,False,True,False,True,False,False,False,False,False,True,False,False,False,True,False,False,True,False,False,False,True,True,False
-0.8826713312537188,-1.048617680737303,-1.3342141068224893,-1.146005397572543,-1.1460053975725424,False,True,True,False,False,False,False,False,False,False,False,False,True,False,True,False,True,True,False,False,False,False,True
0.19007772306147255,0.5380020585534003,0.32572070929208174,0.36748568549569016,0.36748568549569044,True,False,False,False,False,True,False,False,False,True,False,False,False,False,True,False,True,False,False,True,False,False,True
-0.07810954051732528,0.8829193931818141,0.8568998504487444,0.5803203690521604,0.5803203690521607,True,False,False,False,False,True,False,False,False,False,False,False,True,False,True,False,True,False,False,True,False,False,True
-0.8156245153590194,-0.6347168791832066,-0.3382532171537467,-0.6257428377678378,-0.6257428377678373,True,False,False,False,False,True,False,False,False,False,True,False,False,False,True,False,True,True,False,False,False,False,True
-2.4917949127265056,-2.7732043538793723,-2.5293671744249804,-2.7304413751595997,-2.730441375159599,True,False,False,False,True,False,False,False,False,True,False,False,False,False,True,False,True,False,False,False,True,True,False
0.6594054343243687,0.606985525479083,0.7905024578041616,0.7222101580898073,0.7222101580898075,True,False,False,False,False,False,True,False,False,False,False,True,False,False,True,False,True,False,False,True,False,False,True
-0.4133436199908226,-0.8416672799602549,-1.1350219288887406,-0.838577521324308,-0.8385775213243076,False,True,False,False,False,True,False,False,False,True,False,False,False,True,False,False,True,True,False,False,False,False,True
1.1957799614819644,1.3658036616615934,1.45447638424999,1.4080108051051006,1.4080108051051006,False,True,False,False,False,True,False,False,False,False,True,False,False,True,False,True,False,False,True,False,False,False,True
0.5923586184296693,0.1930847239249865,-0.4046506097983295,0.1310027037662791,0.13100270376627907,False,True,False,False,True,False,False,False,False,False,False,False,True,False,True,False,True,False,False,True,False,False,True
1.262826777376664,1.0208863270331796,0.9232972430933273,1.124231227029807,1.124231227029807,True,False,False,False,True,False,False,True,False,False,False,False,False,False,True,False,True,False,True,False,False,False,True
-1.7542799378848117,-0.7726838130345721,-0.9358297509549922,-1.2169502920913664,-1.2169502920913657,True,False,False,False,True,False,False,False,False,False,True,False,False,True,False,False,True,True,False,False,False,False,True
-0.3462968040961231,-0.3587830114804756,-0.4046506097983295,-0.38925985603842617,-0.38925985603842594,True,False,False,False,False,False,True,False,False,False,False,True,False,False,True,False,True,False,False,True,False,False,True
-0.5474372517802215,-0.42776647840615833,-0.205458431864581,-0.41290815421136745,-0.4129081542113671,True,False,False,True,False,False,False,True,False,False,False,False,False,False,True,False,True,False,False,True,False,False,True
0.19007772306147255,-0.6347168791832066,-0.3382532171537467,-0.27101836517372063,-0.2710183651737203,False,True,False,False,False,True,False,False,False,False,False,True,False,True,False,True,False,False,False,True,False,False,True
-0.5474372517802215,-0.7037003461088894,-0.13906103921999816,-0.4838530487301909,-0.4838530487301905,True,False,False,False,True,False,False,False,False,False,False,True,False,False,True,False,True,False,False,True,False,False,True
1.866248120428959,1.4347871285872762,1.5208737768945728,1.6917903831803944,1.6917903831803942,False,True,False,False,True,False,False,False,True,False,False,False,False,False,True,True,False,False,True,False,False,False,True
-0.07810954051732528,0.5380020585534003,0.3921181019366646,0.29654079097686675,0.29654079097686703,True,False,False,False,True,False,False,True,False,False,False,False,False,False,True,False,True,False,False,True,False,False,True
1.0616863296925656,1.6417375293643244,1.6536685621837386,1.5262522959698057,1.5262522959698062,True,False,True,False,False,False,False,True,False,False,False,False,False,False,True,False,True,False,True,False,False,False,True
-0.4133436199908226,-0.08284914377774454,0.2593233166474989,-0.08183197979019118,-0.08183197979019118,True,False,False,False,True,False,False,False,False,True,False,False,False,False,True,False,True,False,False,True,False,False,True
-1.95542038556891,-1.669468883068448,-1.9981880332683177,-1.9736958336254826,-1.9736958336254822,True,False,False,False,False,False,True,False,True,False,False,False,False,False,True,False,True,True,False,False,False,True,False
1.4639672250607623,0.606985525479083,0.9896946357379102,1.0769346306839243,1.0769346306839247,False,True,False,False,False,True,False,False,True,False,False,False,False,False,True,False,True,False,True,False,False,False,True
1.9332949363236585,0.8139359262561313,1.056092028382493,1.3370659105862772,1.3370659105862772,False,True,False,False,False,True,False,False,False,False,True,False,False,False,True,False,True,False,True,False,False,False,True
-0.07810954051732528,0.26206819085066924,-0.006266253930832468,0.060057809247455664,0.06005780924745566,False,True,False,False,True,False,False,True,False,False,False,False,False,True,False,True,False,False,False,True,False,False,True
-2.089514017358309,-0.5657334122575238,-0.9358297509549922,-1.2642468884372484,-1.264246888437248,True,False,False,False,True,False,False,False,False,True,False,False,False,True,False,False,True,True,False,False,False,True,False
-0.27924998820142366,-0.42776647840615833,-0.8030349656658266,-0.531149645076073,-0.5311496450760728,False,True,False,True,False,False,False,False,True,False,False,False,False,True,False,False,True,False,False,True,False,False,True
-0.5474372517802215,-1.2555680815143515,-1.068624536244158,-1.0041156085348961,-1.0041156085348955,False,True,False,False,True,False,False,False,False,True,False,False,False,True,False,True,False,True,False,False,False,False,True
2.2685290157971556,1.8486879301413728,1.1888868136716586,1.857328470390982,1.8573284703909823,False,True,True,False,False,False,False,False,False,False,False,True,False,False,True,True,False,False,True,False,False,False,True
-0.3462968040961231,-0.7726838130345721,-0.4046506097983295,-0.531149645076073,-0.5311496450760728,True,False,False,False,False,False,True,False,True,False,False,False,False,True,False,False,True,False,False,True,False,False,True
2.2685290157971556,1.9176713970670556,2.0520529180512357,2.188404644812158,2.188404644812158,False,True,False,False,False,True,False,False,False,False,False,True,False,False,True,True,False,False,True,False,False,False,True
0.19007772306147255,0.055117790073620984,-0.3382532171537467,-0.03453538344430957,-0.03453538344430889,False,True,False,True,False,False,False,True,False,False,False,False,False,True,False,True,False,False,False,True,False,False,True
-0.3462968040961231,-1.4625184822913997,-1.4670088921116549,-1.146005397572543,-1.1460053975725424,False,True,False,False,False,True,False,True,False,False,False,False,False,False,True,False,True,True,False,False,False,False,True
-1.1508585948325165,-0.8416672799602549,-1.4670088921116549,-1.2169502920913664,-1.2169502920913657,False,True,False,False,False,True,False,False,False,False,False,True,False,True,False,False,True,True,False,False,False,False,True
-1.4860926743060139,-1.2555680815143515,-0.8694323583104093,-1.2642468884372484,-1.264246888437248,True,False,False,False,True,False,False,False,False,False,False,False,True,False,True,True,False,True,False,False,False,False,True
0.05598409127207363,-0.3587830114804756,0.12652853135833322,-0.05818368161725037,-0.05818368161725003,False,True,False,False,False,True,False,False,False,False,False,True,False,False,True,False,True,False,False,True,False,False,True
0.8605458820084672,-0.6347168791832066,-0.205458431864581,0.012761212901573048,0.012761212901573383,False,True,False,True,False,False,False,False,False,True,False,False,False,False,True,False,True,False,False,True,False,False,True
-0.01106272462262583,0.33105165777635204,0.8568998504487444,0.4147822818415728,0.41478228184157273,True,False,False,True,False,False,False,False,True,False,False,False,False,False,True,True,False,False,False,True,False,False,True
0.5923586184296693,1.2968201947359106,1.1224894210270757,1.0532863325109836,1.0532863325109834,True,False,False,False,True,False,False,False,False,True,False,False,False,False,True,False,True,False,True,False,False,False,True
1.1957799614819644,1.0208863270331796,0.7905024578041616,1.0532863325109836,1.0532863325109834,False,True,False,False,False,True,False,False,False,False,False,False,True,False,True,False,True,False,True,False,False,False,True
0.32417135485087145,0.33105165777635204,-0.27185582450916385,0.1310027037662791,0.13100270376627907,False,True,True,False,False,False,False,False,False,True,False,False,False,False,True,False,True,False,False,True,False,False,True
0.05598409127207363,0.7449524593304486,0.8568998504487444,0.5803203690521604,0.5803203690521607,True,False,False,True,False,False,False,False,False,True,False,False,False,True,False,True,False,False,False,True,False,False,True
0.9275926979031666,1.5727540624386418,1.3216815989608244,1.3370659105862772,1.3370659105862772,True,False,False,False,False,True,False,False,False,False,False,False,True,False,True,True,False,False,True,False,False,False,True
1.3298735932713632,0.46901859162771753,0.3921181019366646,0.7695067544356898,0.7695067544356898,False,True,False,False,False,False,True,False,False,False,False,True,False,False,True,False,True,False,False,True,False,False,True
0.6594054343243687,0.33105165777635204,0.32572070929208174,0.46207887818745436,0.462078878187455,True,False,False,False,False,True,False,True,False,False,False,False,False,False,True,False,True,False,False,True,False,False,True
-1.6872331219901122,-1.1865846145886687,-1.1350219288887406,-1.4061366774748953,-1.406136677474895,False,True,False,False,False,True,False,False,False,True,False,False,False,False,True,False,True,True,False,False,False,False,True
0.5253118025349698,1.2968201947359106,1.45447638424999,1.1478795252027478,1.147879525202748,True,False,False,False,False,True,False,True,False,False,False,False,False,True,False,True,False,False,True,False,False,False,True
0.3912181707455709,0.8139359262561313,0.7241050651595787,0.6749135617439246,0.6749135617439252,True,False,False,True,False,False,False,False,False,False,False,False,True,True,False,False,True,False,False,True,False,False,True
0.5253118025349698,0.6759689924047658,0.7905024578041616,0.6985618599168665,0.6985618599168664,True,False,False,False,False,False,True,False,False,True,False,False,False,False,True,True,False,False,False,True,False,False,True
0.257124538956172,-0.28979954455479284,-0.5374453950874952,-0.20007347065489722,-0.20007347065489686,False,True,False,True,False,False,False,False,False,True,False,False,False,False,True,False,True,False,False,True,False,False,True
-0.07810954051732528,0.8139359262561313,0.8568998504487444,0.5566720708792197,0.5566720708792195,True,False,False,True,False,False,False,False,True,False,False,False,False,False,True,True,False,False,False,True,False,False,True
-0.48039043588552205,0.055117790073620984,-0.205458431864581,-0.223721768827838,-0.223721768827838,True,False,False,False,False,True,False,True,False,False,False,False,False,False,True,False,True,False,False,True,False,False,True
-0.14515635641202473,-0.4967499453318411,-0.006266253930832468,-0.223721768827838,-0.223721768827838,True,False,False,False,False,False,True,False,False,True,False,False,False,True,False,False,True,False,False,True,False,False,True
-1.0838117789378172,-1.117601147662986,-0.8694323583104093,-1.0750605030537195,-1.075060503053719,True,False,False,True,False,False,False,False,False,True,False,False,False,False,True,False,True,True,False,False,False,False,True
0.19007772306147255,0.6759689924047658,0.8568998504487444,0.6039686672251012,0.6039686672251018,True,False,False,False,False,True,False,False,False,False,False,True,False,False,True,True,False,False,False,True,False,False,True
-1.0167649630431177,-0.9106507468859377,-1.002227143599575,-1.027763906707837,-1.0277639067078368,False,True,False,False,True,False,False,False,False,False,False,False,True,True,False,True,False,True,False,False,False,False,True
0.12303090716677309,0.7449524593304486,0.5249128872258303,0.4857271763603962,0.48572717636039614,True,False,True,False,False,False,False,False,False,True,False,False,False,False,True,True,False,False,False,True,False,False,True
1.262826777376664,1.1588532608845452,1.9856555254066528,1.5499005941427475,1.5499005941427473,True,False,False,False,False,True,False,False,False,False,False,True,False,False,True,True,False,False,True,False,False,False,True
-0.07810954051732528,0.055117790073620984,0.3921181019366646,0.1310027037662791,0.13100270376627907,True,False,True,False,False,False,False,True,False,False,False,False,False,False,True,True,False,False,False,True,False,False,True
0.4582649866402704,0.6759689924047658,0.7241050651595787,0.6512652635709838,0.6512652635709841,True,False,False,True,False,False,False,False,False,False,False,False,True,False,True,False,True,False,False,True,False,False,True
-0.27924998820142366,-0.1518326107034273,-0.07266364657541531,-0.1764251724819564,-0.17642517248195572,True,False,False,True,False,False,False,False,False,False,False,True,False,False,True,False,True,False,False,True,False,False,True
0.7264522502190682,-0.1518326107034273,-0.27185582450916385,0.10735440559333727,0.10735440559333793,False,True,False,False,True,False,False,True,False,False,False,False,False,True,False,False,True,False,False,True,False,False,True
0.19007772306147255,-0.22081607762911007,-0.47104800244291234,-0.1764251724819564,-0.17642517248195572,False,True,False,False,False,True,False,False,False,False,False,False,True,False,True,False,True,False,False,True,False,False,True
-1.5531394902007134,-0.6347168791832066,-0.6702401803766609,-1.0041156085348961,-1.0041156085348955,True,False,False,False,False,True,False,True,False,False,False,False,False,True,False,False,True,True,False,False,False,False,True
1.598060856850161,1.227836727810228,1.1224894210270757,1.3843625069321588,1.3843625069321595,False,True,False,False,False,True,False,True,False,False,False,False,False,False,True,False,True,False,True,False,False,False,True
0.5253118025349698,0.5380020585534003,0.32572070929208174,0.4857271763603962,0.48572717636039614,False,True,False,False,True,False,False,False,False,False,False,True,False,True,False,False,True,False,False,True,False,False,True
0.4582649866402704,-0.22081607762911007,-0.3382532171537467,-0.03453538344430957,-0.03453538344430889,False,True,False,False,True,False,False,False,False,False,False,False,True,False,True,False,True,False,False,True,False,False,True
-0.7485776994643198,0.12410125699930374,0.06013113871375037,-0.20007347065489722,-0.20007347065489686,True,False,False,False,False,True,False,False,False,False,False,True,False,True,False,False,True,False,False,True,False,False,True
-0.07810954051732528,-0.013865676852061781,-0.07266364657541531,-0.05818368161725037,-0.05818368161725003,True,False,False,False,True,False,False,False,False,True,False,False,False,False,True,False,True,False,False,True,False,False,True
0.9275926979031666,-0.42776647840615833,-0.3382532171537467,0.060057809247455664,0.06005780924745566,False,True,False,False,False,True,False,True,False,False,False,False,False,False,True,False,True,False,False,True,False,False,True
-1.0838117789378172,-0.6347168791832066,-0.5374453950874952,-0.7912809249784258,-0.7912809249784253,True,False,False,False,True,False,False,False,False,False,False,False,True,True,False,True,False,True,False,False,False,False,True
-0.2122031723067242,0.26206819085066924,0.19292592400291605,0.08370610742039647,0.0837061074203968,True,False,False,False,True,False,False,False,False,False,False,True,False,True,False,True,False,False,False,True,False,False,True
0.7264522502190682,1.0898697939588624,1.2552842063162415,1.0769346306839243,1.0769346306839247,True,False,False,True,False,False,False,False,True,False,False,False,False,True,False,False,True,False,True,False,False,False,True
0.4582649866402704,0.33105165777635204,-0.47104800244291234,0.10735440559333727,0.10735440559333793,False,True,False,False,True,False,False,False,False,False,False,True,False,False,True,False,True,False,False,True,False,False,True
0.9946395137978661,0.1930847239249865,0.5913102798704131,0.627616965398043,0.627616965398043,False,True,False,False,False,True,False,True,False,False,False,False,False,False,True,True,False,False,False,True,False,False,True
-0.01106272462262583,0.46901859162771753,-0.006266253930832468,0.15465100193921988,0.1546510019392202,True,False,False,False,True,False,False,False,False,True,False,False,False,True,False,False,True,False,False,True,False,False,True
-0.9497181471484183,-0.8416672799602549,-1.2014193215333235,-1.0514122048807784,-1.051412204880778,False,True,False,False,False,True,False,True,False,False,False,False,False,True,False,False,True,True,False,False,False,False,True
0.19007772306147255,0.606985525479083,0.5249128872258303,0.46207887818745436,0.462078878187455,True,False,False,False,True,False,False,False,False,False,False,True,False,False,True,False,True,False,False,True,False,False,True
-0.07810954051732528,1.0208863270331796,1.056092028382493,0.6985618599168665,0.6985618599168664,True,False,False,False,True,False,False,True,False,False,False,False,False,False,True,True,False,False,False,True,False,False,True
0.19007772306147255,0.5380020585534003,0.657707672514996,0.4857271763603962,0.48572717636039614,True,False,False,False,False,True,False,False,False,True,False,False,False,False,True,True,False,False,False,True,False,False,True
-1.0838117789378172,-0.3587830114804756,-0.13906103921999816,-0.5547979432490143,-0.5547979432490139,True,False,False,True,False,False,False,False,False,False,False,True,False,False,True,True,False,False,False,True,False,False,True
0.4582649866402704,0.606985525479083,0.5249128872258303,0.5566720708792197,0.5566720708792195,True,False,False,False,False,False,True,False,False,False,False,True,False,False,True,True,False,False,False,True,False,False,True
0.257124538956172,0.8829193931818141,0.5249128872258303,0.5803203690521604,0.5803203690521607,True,False,False,False,True,False,False,False,False,False,False,False,True,False,True,True,False,False,False,True,False,False,True
0.9946395137978661,0.4000351247020348,0.657707672514996,0.7222101580898073,0.7222101580898075,False,True,False,False,False,True,False,True,False,False,False,False,False,True,False,False,True,False,False,True,False,False,True
-0.2122031723067242,-0.5657334122575238,-0.5374453950874952,-0.4602047505572496,-0.46020475055724935,False,True,False,False,False,True,False,False,False,False,False,True,False,True,False,False,True,False,False,True,False,False,True
0.05598409127207363,0.1930847239249865,0.3921181019366646,0.22559589645804332,0.22559589645804362,True,False,False,False,False,True,False,False,False,True,False,False,False,False,True,False,True,False,False,True,False,False,True
-0.4133436199908226,-0.08284914377774454,-0.5374453950874952,-0.3656115578654854,-0.3656115578654848,False,True,False,True,False,False,False,False,False,True,False,False,False,False,True,False,True,False,False,True,False,False,True
-0.27924998820142366,-0.9796342138116204,-0.9358297509549922,-0.7676326268054846,-0.7676326268054842,False,True,False,True,False,False,False,False,False,True,False,False,False,False,True,False,True,True,False,False,False,False,True
-2.4917949127265056,-2.014386217696862,-1.5998036774008206,-2.139233920836071,-2.13923392083607,True,False,False,False,True,False,False,False,False,False,False,False,True,True,False,True,False,False,False,False,True,True,False
-0.27924998820142366,-0.22081607762911007,-0.006266253930832468,-0.1764251724819564,-0.17642517248195572,False,True,False,True,False,False,False,False,False,False,False,True,False,False,True,True,False,False,False,True,False,False,True
1.866248120428959,2.055638330918421,2.1184503106958186,2.1174597502933348,2.1174597502933348,True,False,False,False,False,False,True,False,False,False,True,False,False,False,True,True,False,False,True,False,False,False,True
1.262826777376664,0.4000351247020348,-0.006266253930832468,0.5803203690521604,0.5803203690521607,False,True,False,False,False,False,True,False,False,False,False,True,False,False,True,True,False,False,False,True,False,False,True
0.7264522502190682,0.606985525479083,0.32572070929208174,0.5803203690521604,0.5803203690521607,False,True,False,False,False,True,False,True,False,False,False,False,False,True,False,False,True,False,False,True,False,False,True
-0.8826713312537188,-0.7726838130345721,-1.5998036774008206,-1.146005397572543,-1.1460053975725424,False,True,True,False,False,False,False,False,False,True,False,False,False,True,False,False,True,True,False,False,False,False,True
1.7992013045342596,1.4347871285872762,0.9896946357379102,1.4789556996239241,1.478955699623924,False,True,False,False,False,False,True,False,False,False,False,True,False,True,False,False,True,False,True,False,False,False,True
-1.1508585948325165,-1.117601147662986,-1.002227143599575,-1.146005397572543,-1.1460053975725424,True,False,False,False,True,False,False,True,False,False,False,False,False,False,True,False,True,True,False,False,False,False,True
0.4582649866402704,0.46901859162771753,0.657707672514996,0.5566720708792197,0.5566720708792195,True,False,False,False,False,False,True,True,False,False,False,False,False,True,False,False,True,False,False,True,False,False,True
-0.01106272462262583,0.33105165777635204,0.8568998504487444,0.4147822818415728,0.41478228184157273,True,False,False,False,True,False,False,False,True,False,False,False,False,True,False,True,False,False,False,True,False,False,True
0.7264522502190682,0.5380020585534003,0.32572070929208174,0.5566720708792197,0.5566720708792195,True,False,False,False,False,True,False,True,False,False,False,False,False,False,True,False,True,False,False,True,False,False,True
-1.1508585948325165,-0.42776647840615833,-0.8030349656658266,-0.838577521324308,-0.8385775213243076,True,False,False,False,True,False,False,False,False,False,False,False,True,False,True,False,True,True,False,False,False,False,True
0.8605458820084672,1.3658036616615934,1.1888868136716586,1.1951761215486303,1.1951761215486303,True,False,False,False,False,True,False,False,False,False,False,True,False,True,False,False,True,False,True,False,False,False,True
0.5923586184296693,0.8829193931818141,1.45447638424999,1.0296380343380418,1.0296380343380422,True,False,False,False,True,False,False,True,False,False,False,False,False,False,True,True,False,False,True,False,False,False,True
-0.48039043588552205,0.1930847239249865,0.12652853135833322,-0.05818368161725037,-0.05818368161725003,True,False,True,False,False,False,False,False,True,False,False,False,False,False,True,False,True,False,False,True,False,False,True
-0.6144840676749209,0.606985525479083,0.7241050651595787,0.2492441946309841,0.24924419463098477,True,False,False,False,False,True,False,True,False,False,False,False,False,False,True,True,False,False,False,True,False,False,True
-0.01106272462262583,-0.22081607762911007,-0.603842787732078,-0.2946666633466619,-0.2946666633466614,False,True,False,False,True,False,False,False,False,True,False,False,False,True,False,False,True,False,False,True,False,False,True
0.8605458820084672,0.8139359262561313,0.9232972430933273,0.9113965434733368,0.9113965434733367,True,False,False,False,False,False,True,False,True,False,False,False,False,False,True,True,False,False,True,False,False,False,True
-0.6144840676749209,-0.1518326107034273,0.2593233166474989,-0.1764251724819564,-0.17642517248195572,True,False,False,True,False,False,False,False,False,False,False,False,True,False,True,False,True,False,False,True,False,False,True
1.3969204091660627,1.0208863270331796,1.2552842063162415,1.2897693142403945,1.2897693142403948,False,True,True,False,False,False,False,False,True,False,False,False,False,False,True,True,False,False,True,False,False,False,True
-0.2122031723067242,-0.3587830114804756,-0.07266364657541531,-0.223721768827838,-0.223721768827838,True,False,False,False,False,True,False,False,False,False,False,True,False,False,True,False,True,False,False,True,False,False,True
-0.48039043588552205,-0.42776647840615833,-0.27185582450916385,-0.41290815421136745,-0.4129081542113671,True,False,False,True,False,False,False,False,False,False,False,False,True,True,False,True,False,False,False,True,False,False,True
-0.27924998820142366,0.1930847239249865,-0.205458431864581,-0.10548027796313299,-0.10548027796313231,False,True,True,False,False,False,False,False,True,False,False,False,False,True,False,False,True,False,False,True,False,False,True
-1.351999042516615,-2.4282870192509582,-2.1309828185574835,-2.0682890263172475,-2.0682890263172466,False,True,False,False,False,True,False,False,False,True,False,False,False,False,True,False,True,False,False,False,True,True,False
-0.01106272462262583,-0.7037003461088894,-1.068624536244158,-0.6257428377678378,-0.6257428377678373,False,True,False,False,True,False,False,False,False,False,False,True,False,False,True,False,True,True,False,False,False,False,True
1.5310140409554618,1.227836727810228,0.7241050651595787,1.2188244197215712,1.2188244197215714,False,True,False,False,False,True,False,False,False,True,False,False,False,False,True,False,True,False,True,False,False,False,True
-1.620186306095413,-0.5657334122575238,-0.6702401803766609,-1.0041156085348961,-1.0041156085348955,True,False,False,False,False,True,False,True,False,False,False,False,False,True,False,True,False,True,False,False,False,False,True
1.7992013045342596,1.0208863270331796,1.45447638424999,1.5026039977968648,1.502603997796865,False,True,False,False,True,False,False,False,False,False,False,True,False,False,True,True,False,False,True,False,False,False,True
0.9275926979031666,1.0898697939588624,1.1224894210270757,1.1005829288568652,1.1005829288568658,True,False,False,False,False,False,True,False,False,False,False,False,True,False,True,True,False,False,True,False,False,False,True
2.134435384007757,2.124621797844104,2.0520529180512357,2.2120529429850992,2.2120529429850992,True,False,False,False,False,True,False,False,False,False,False,True,False,False,True,False,True,False,True,False,False,False,True
0.9946395137978661,0.8139359262561313,1.056092028382493,1.005989736165101,1.0059897361651011,False,True,False,False,False,True,False,False,False,False,True,False,False,False,True,False,True,False,True,False,False,False,True
-0.4133436199908226,0.055117790073620984,0.3921181019366646,0.012761212901573048,0.012761212901573383,True,False,False,True,False,False,False,False,False,False,False,False,True,False,True,True,False,False,False,True,False,False,True
0.6594054343243687,1.7107209962900072,1.2552842063162415,1.2661210160674539,1.2661210160674536,True,False,False,True,False,False,False,True,False,False,False,False,False,True,False,True,False,False,True,False,False,False,True
0.4582649866402704,0.606985525479083,0.2593233166474989,0.46207887818745436,0.462078878187455,False,True,False,False,True,False,False,True,False,False,False,False,False,False,True,True,False,False,False,True,False,False,True
2.000341752218358,1.8486879301413728,2.0520529180512357,2.070163153947452,2.0701631539474525,True,False,False,False,True,False,False,True,False,False,False,False,False,False,True,True,False,False,True,False,False,False,True
0.6594054343243687,0.46901859162771753,0.3921181019366646,0.5330237727062778,0.5330237727062784,True,False,False,False,True,False,False,False,False,True,False,False,False,False,True,False,True,False,False,True,False,False,True
1.6651076727448606,0.26206819085066924,0.7905024578041616,0.9586931398192183,0.9586931398192189,False,True,False,False,False,False,True,True,False,False,False,False,False,True,False,True,False,False,True,False,False,False,True
-0.27924998820142366,0.1930847239249865,0.12652853135833322,0.012761212901573048,0.012761212901573383,True,False,False,False,True,False,False,False,False,False,False,True,False,True,False,False,True,False,False,True,False,False,True
-0.7485776994643198,-0.7037003461088894,-0.603842787732078,-0.7203360304596025,-0.7203360304596019,False,True,False,False,False,True,False,False,False,False,False,False,True,True,False,True,False,True,False,False,False,False,True
0.5253118025349698,1.4347871285872762,1.3216815989608244,1.1478795252027478,1.147879525202748,True,False,False,True,False,False,False,False,False,False,False,False,True,True,False,True,False,False,True,False,False,False,True
-1.0838117789378172,-1.4625184822913997,-1.7325984626899862,-1.50072987016666,-1.5007298701666594,False,True,False,False,True,False,False,False,False,True,False,False,False,False,True,False,True,True,False,False,False,False,True
-1.2849522266219155,-1.8074358169198135,-1.798995855334569,-1.7135645537231303,-1.7135645537231297,False,True,False,True,False,False,False,False,False,False,False,True,False,False,True,False,True,True,False,False,False,False,True
0.9946395137978661,0.33105165777635204,0.19292592400291605,0.5330237727062778,0.5330237727062784,False,True,False,False,False,False,True,False,False,False,False,True,False,False,True,True,False,False,False,True,False,False,True
-0.07810954051732528,0.4000351247020348,0.5913102798704131,0.32018908914980754,0.3201890891498082,True,False,False,False,False,False,True,True,False,False,False,False,False,False,True,True,False,False,False,True,False,False,True
0.12303090716677309,-1.2555680815143515,-0.7366375730212437,-0.649391135940779,-0.6493911359407785,False,True,False,False,False,False,True,False,False,False,False,False,True,False,True,True,False,True,False,False,False,False,True
0.4582649866402704,1.5727540624386418,1.056092028382493,1.0769346306839243,1.0769346306839247,True,False,False,False,False,True,False,False,False,True,False,False,False,True,False,False,True,False,True,False,False,False,True
-0.8826713312537188,-2.0833696846225447,-2.0645854259129006,-1.7608611500690126,-1.760861150069012,False,True,False,False,True,False,False,False,False,False,False,True,False,False,True,False,True,True,False,False,False,True,False
0.12303090716677309,0.5380020585534003,0.7905024578041616,0.509375474533337,0.5093754745333373,True,False,False,True,False,False,False,True,False,False,False,False,False,True,False,True,False,False,False,True,False,False,True
-0.7485776994643198,-1.6004854161427653,-1.6662010700454035,-1.4061366774748953,-1.406136677474895,False,True,True,False,False,False,False,False,False,False,False,False,True,True,False,False,True,True,False,False,False,False,True
1.3969204091660627,1.3658036616615934,1.7200659548283213,1.5735488923156884,1.5735488923156884,True,False,False,False,True,False,False,False,False,False,False,True,False,False,True,True,False,False,True,False,False,False,True
-0.7485776994643198,-1.5315019492170825,-1.5998036774008206,-1.3588400811290133,-1.3588400811290127,False,True,False,False,False,True,False,False,False,False,False,False,True,False,True,False,True,True,False,False,False,False,True
-0.8826713312537188,-0.7726838130345721,-0.7366375730212437,-0.838577521324308,-0.8385775213243076,True,False,False,False,False,False,True,False,False,False,False,True,False,True,False,False,True,True,False,False,False,False,True
0.05598409127207363,-0.8416672799602549,-0.603842787732078,-0.4838530487301909,-0.4838530487301905,False,True,False,False,True,False,False,False,False,False,True,False,False,False,True,False,True,False,False,True,False,False,True
1.7321544886395601,0.6759689924047658,1.056092028382493,1.2188244197215712,1.2188244197215714,False,True,False,False,True,False,False,True,False,False,False,False,False,False,True,False,True,False,True,False,False,False,True
-0.8826713312537188,-0.22081607762911007,0.32572070929208174,-0.27101836517372063,-0.2710183651737203,True,False,False,True,False,False,False,False,False,False,False,True,False,True,False,True,False,False,False,True,False,False,True
0.9946395137978661,0.12410125699930374,0.32572070929208174,0.509375474533337,0.5093754745333373,False,True,False,False,False,True,False,True,False,False,False,False,False,False,True,False,True,False,False,True,False,False,True
-0.3462968040961231,-0.6347168791832066,-0.8694323583104093,-0.649391135940779,-0.6493911359407785,False,True,False,False,True,False,False,False,False,True,False,False,False,True,False,False,True,True,False,False,False,False,True
0.9275926979031666,0.26206819085066924,0.2593233166474989,0.509375474533337,0.5093754745333373,False,True,False,False,False,True,False,False,True,False,False,False,False,False,True,False,True,False,False,True,False,False,True
-1.95542038556891,-0.8416672799602549,-0.8030349656658266,-1.2642468884372484,-1.264246888437248,True,False,True,False,False,False,False,True,False,False,False,False,False,True,False,False,True,True,False,False,False,True,False
0.9946395137978661,1.0208863270331796,0.9232972430933273,1.0296380343380418,1.0296380343380422,True,False,False,False,True,False,False,False,False,True,False,False,False,False,True,False,True,False,True,False,False,False,True
-0.48039043588552205,0.26206819085066924,0.2593233166474989,0.012761212901573048,0.012761212901573383,True,False,False,False,True,False,False,True,False,False,False,False,False,False,True,True,False,False,False,True,False,False,True
-0.7485776994643198,-0.9796342138116204,-1.400611499467072,-1.0987088012266604,-1.0987088012266601,False,True,False,True,False,False,False,False,False,False,False,True,False,True,False,False,True,True,False,False,False,False,True
0.3912181707455709,0.6759689924047658,0.3921181019366646,0.509375474533337,0.5093754745333373,False,True,False,False,False,True,False,True,False,False,False,False,False,False,True,False,True,False,False,True,False,False,True
0.19007772306147255,0.4000351247020348,0.19292592400291605,0.2728924928039259,0.2728924928039259,False,True,False,False,False,True,False,False,False,True,False,False,False,False,True,False,True,False,False,True,False,False,True
0.19007772306147255,-0.3587830114804756,-0.006266253930832468,-0.05818368161725037,-0.05818368161725003,False,True,False,False,True,False,False,False,False,False,False,True,False,False,True,False,True,False,False,True,False,False,True
-1.0838117789378172,-0.6347168791832066,-0.603842787732078,-0.8149292231513667,-0.8149292231513664,True,False,False,False,True,False,False,False,True,False,False,False,False,True,False,False,True,True,False,False,False,False,True
1.3969204091660627,1.0208863270331796,1.1888868136716586,1.2661210160674539,1.2661210160674536,False,True,False,True,False,False,False,False,False,False,False,True,False,False,True,True,False,False,True,False,False,False,True
0.32417135485087145,-0.013865676852061781,-0.006266253930832468,0.10735440559333727,0.10735440559333793,False,True,False,False,False,True,False,False,False,False,False,False,True,False,True,True,False,False,False,True,False,False,True
0.12303090716677309,0.1930847239249865,-0.205458431864581,0.03640951107451385,0.03640951107451452,False,True,False,False,False,False,True,False,False,False,False,True,False,False,True,False,True,False,False,True,False,False,True
0.8605458820084672,0.5380020585534003,0.4585154945812474,0.6512652635709838,0.6512652635709841,False,True,False,False,True,False,False,False,False,False,True,False,False,True,False,True,False,False,False,True,False,False,True
0.7264522502190682,1.4347871285872762,1.1224894210270757,1.1478795252027478,1.147879525202748,True,False,False,False,True,False,False,False,False,False,False,False,True,False,True,True,False,False,True,False,False,False,True
-0.5474372517802215,-0.9796342138116204,-1.002227143599575,-0.8858741176701901,-0.8858741176701899,False,True,False,False,True,False,False,True,False,False,False,False,False,True,False,False,True,True,False,False,False,False,True
1.1957799614819644,1.77970446321569,1.5872711695391557,1.597197190488629,1.5971971904886297,True,False,False,False,False,False,True,True,False,False,False,False,False,False,True,False,True,False,True,False,False,False,True
-0.7485776994643198,-0.7726838130345721,-1.068624536244158,-0.9095224158431314,-0.909522415843131,False,True,False,False,False,True,False,False,False,False,False,True,False,False,True,False,True,True,False,False,False,False,True
0.257124538956172,-0.08284914377774454,0.2593233166474989,0.15465100193921988,0.1546510019392202,False,True,False,False,False,False,True,False,True,False,False,False,False,True,False,True,False,False,False,True,False,False,True
-0.9497181471484183,-0.7037003461088894,-0.205458431864581,-0.649391135940779,-0.6493911359407785,True,False,False,False,False,True,False,False,False,False,False,True,False,True,False,True,False,True,False,False,False,False,True
0.19007772306147255,0.5380020585534003,0.5913102798704131,0.46207887818745436,0.462078878187455,False,True,False,True,False,False,False,False,False,False,False,True,False,False,True,True,False,False,False,True,False,False,True
-0.8826713312537188,0.1930847239249865,-0.27185582450916385,-0.34196325969254404,-0.3419632596925437,True,False,False,False,True,False,False,False,False,True,False,False,False,True,False,False,True,False,False,True,False,False,True
-1.217905410727216,-0.7726838130345721,-0.9358297509549922,-1.027763906707837,-1.0277639067078368,True,False,False,False,False,True,False,False,False,False,False,False,True,False,True,False,True,True,False,False,False,False,True
0.7934990661137676,0.8139359262561313,1.1888868136716586,0.9823414379921601,0.98234143799216,False,True,False,False,False,True,False,False,False,False,False,False,True,False,True,True,False,False,True,False,False,False,True
-0.27924998820142366,-0.4967499453318411,-0.3382532171537467,-0.38925985603842617,-0.38925985603842594,True,False,False,True,False,False,False,False,False,True,False,False,False,False,True,False,True,False,False,True,False,False,True
-0.4133436199908226,-0.42776647840615833,-0.603842787732078,-0.5075013469031322,-0.5075013469031316,False,True,False,False,False,True,False,False,False,False,False,True,False,False,True,False,True,False,False,True,False,False,True
0.5253118025349698,0.1930847239249865,0.2593233166474989,0.3438373873227493,0.3438373873227493,True,False,False,True,False,False,False,False,False,True,False,False,False,False,True,False,True,False,False,True,False,False,True
-0.5474372517802215,0.4000351247020348,0.5913102798704131,0.15465100193921988,0.1546510019392202,True,False,False,False,True,False,False,False,False,True,False,False,False,False,True,True,False,False,False,True,False,False,True
0.6594054343243687,-0.4967499453318411,-0.5374453950874952,-0.12912857613607379,-0.12912857613607345,False,True,False,True,False,False,False,False,False,True,False,False,False,False,True,True,False,False,False,True,False,False,True
0.12303090716677309,0.12410125699930374,0.4585154945812474,0.2492441946309841,0.24924419463098477,True,False,False,False,False,True,False,False,False,False,False,False,True,False,True,False,True,False,False,True,False,False,True
-0.5474372517802215,-0.6347168791832066,-0.7366375730212437,-0.6730394341137198,-0.6730394341137196,False,True,True,False,False,False,False,False,False,False,False,True,False,True,False,False,True,True,False,False,False,False,True
-0.9497181471484183,-1.4625184822913997,-1.2678167141779064,-1.2878951866101898,-1.2878951866101893,False,True,False,True,False,False,False,False,False,True,False,False,False,False,True,False,True,True,False,False,False,False,True
0.5923586184296693,0.26206819085066924,0.3921181019366646,0.43843058001451357,0.43843058001451385,False,True,False,False,False,True,False,False,True,False,False,False,False,False,True,False,True,False,False,True,False,False,True
-0.9497181471484183,-0.1518326107034273,0.2593233166474989,-0.2946666633466619,-0.2946666633466614,True,False,False,True,False,False,False,False,False,False,False,False,True,True,False,True,False,False,False,True,False,False,True
-0.27924998820142366,0.606985525479083,0.7241050651595787,0.36748568549569016,0.36748568549569044,True,False,False,False,True,False,False,False,True,False,False,False,False,True,False,False,True,False,False,True,False,False,True
-0.01106272462262583,-0.28979954455479284,-0.5374453950874952,-0.2946666633466619,-0.2946666633466614,False,True,False,True,False,False,False,False,False,False,False,True,False,False,True,False,True,False,False,True,False,False,True
-1.1508585948325165,-0.7726838130345721,-0.8694323583104093,-0.9804673103619549,-0.9804673103619544,True,False,False,True,False,False,False,False,False,False,False,False,True,True,False,False,True,True,False,False,False,False,True
-0.01106272462262583,0.1930847239249865,0.12652853135833322,0.10735440559333727,0.10735440559333793,True,False,False,True,False,False,False,False,False,True,False,False,False,False,True,False,True,False,False,True,False,False,True
-2.089514017358309,-1.738452349994131,-1.6662010700454035,-1.9263992372796006,-1.9263992372796,True,False,False,False,True,False,False,False,False,False,False,True,False,True,False,False,True,True,False,False,False,True,False
0.3912181707455709,0.6759689924047658,0.9232972430933273,0.6985618599168665,0.6985618599168664,True,False,True,False,False,False,False,False,False,False,False,True,False,False,True,True,False,False,False,True,False,False,True
1.866248120428959,1.0898697939588624,0.9232972430933273,1.3607142087592181,1.3607142087592183,False,True,False,False,False,False,True,True,False,False,False,False,False,False,True,True,False,False,True,False,False,False,True
-1.351999042516615,-0.9106507468859377,-0.7366375730212437,-1.0514122048807784,-1.051412204880778,True,False,False,False,False,True,False,True,False,False,False,False,False,True,False,False,True,True,False,False,False,False,True
0.7264522502190682,1.4347871285872762,1.056092028382493,1.124231227029807,1.124231227029807,True,False,False,True,False,False,False,False,False,False,True,False,False,False,True,False,True,False,True,False,False,False,True
0.6594054343243687,1.0898697939588624,0.9232972430933273,0.9350448416462775,0.9350448416462778,True,False,False,True,False,False,False,False,False,True,False,False,False,True,False,True,False,False,True,False,False,False,True
-0.9497181471484183,-0.7037003461088894,-0.4046506097983295,-0.7203360304596025,-0.7203360304596019,True,False,False,False,True,False,False,True,False,False,False,False,False,False,True,True,False,True,False,False,False,False,True
1.6651076727448606,0.8139359262561313,0.7241050651595787,1.124231227029807,1.124231227029807,False,True,False,False,True,False,False,False,True,False,False,False,False,False,True,True,False,False,True,False,False,False,True
-2.290654465042407,-1.2555680815143515,-1.5998036774008206,-1.8081577464148946,-1.8081577464148944,True,False,False,True,False,False,False,False,False,False,False,False,True,False,True,True,False,True,False,False,False,True,False
0.3912181707455709,0.6759689924047658,0.5913102798704131,0.5803203690521604,0.5803203690521607,True,False,False,False,False,False,True,False,False,False,False,False,True,True,False,False,True,False,False,True,False,False,True
-2.6258885445159046,-2.1523531515482275,-2.3965723891358146,-2.5176066916031288,-2.5176066916031283,True,False,False,True,False,False,False,False,False,False,False,True,False,False,True,False,True,False,False,False,True,True,False
0.12303090716677309,-0.28979954455479284,-0.47104800244291234,-0.223721768827838,-0.223721768827838,False,True,False,False,True,False,False,True,False,False,False,False,False,True,False,False,True,False,False,True,False,False,True
-0.9497181471484183,-0.28979954455479284,-0.47104800244291234,-0.6020945395948964,-0.6020945395948962,True,False,False,False,True,False,False,False,False,False,True,False,False,True,False,False,True,True,False,False,False,False,True
-1.217905410727216,-0.4967499453318411,-0.5374453950874952,-0.7912809249784258,-0.7912809249784253,True,False,False,True,False,False,False,False,False,True,False,False,False,False,True,False,True,True,False,False,False,False,True
-0.4133436199908226,-0.22081607762911007,0.12652853135833322,-0.1764251724819564,-0.17642517248195572,True,False,False,False,False,True,False,False,False,False,False,True,False,True,False,False,True,False,False,True,False,False,True
-0.01106272462262583,0.33105165777635204,0.06013113871375037,0.1310027037662791,0.13100270376627907,False,True,False,False,False,True,False,False,False,True,False,False,False,True,False,False,True,False,False,True,False,False,True
1.5310140409554618,1.0208863270331796,0.5913102798704131,1.1005829288568652,1.1005829288568658,False,True,False,False,False,False,True,False,False,False,False,False,True,False,True,True,False,False,True,False,False,False,True
-1.620186306095413,-1.1865846145886687,-1.1350219288887406,-1.382488379301954,-1.3824883793019538,True,False,False,True,False,False,False,False,False,True,False,False,False,False,True,False,True,True,False,False,False,False,True
-0.6144840676749209,-0.08284914377774454,0.32572070929208174,-0.12912857613607379,-0.12912857613607345,True,False,False,False,False,False,True,True,False,False,False,False,False,True,False,True,False,False,False,True,False,False,True
0.257124538956172,0.055117790073620984,0.12652853135833322,0.15465100193921988,0.1546510019392202,False,True,False,False,False,True,False,False,False,True,False,False,False,False,True,False,True,False,False,True,False,False,True
0.257124538956172,1.0208863270331796,0.8568998504487444,0.745858456262748,0.7458584562627487,True,False,False,False,False,False,True,True,False,False,False,False,False,True,False,False,True,False,False,True,False,False,True
0.19007772306147255,-0.6347168791832066,-0.9358297509549922,-0.4838530487301909,-0.4838530487301905,False,True,False,False,False,False,True,False,False,False,False,True,False,False,True,False,True,False,False,True,False,False,True
-0.9497181471484183,-0.9796342138116204,-0.7366375730212437,-0.9331707140160728,-0.9331707140160721,True,False,False,False,True,False,False,True,False,False,False,False,False,False,True,False,True,True,False,False,False,False,True
0.05598409127207363,0.26206819085066924,-0.006266253930832468,0.10735440559333727,0.10735440559333793,False,True,False,False,True,False,False,False,False,False,False,False,True,False,True,True,False,False,False,True,False,False,True
0.6594054343243687,0.7449524593304486,0.32572070929208174,0.6039686672251012,0.6039686672251018,False,True,False,False,True,False,False,False,False,False,False,False,True,False,True,True,False,False,False,True,False,False,True
1.3969204091660627,1.7107209962900072,1.7864633474729041,1.715438681353335,1.7154386813533353,True,False,False,False,False,False,True,True,False,False,False,False,False,False,True,False,True,False,True,False,False,False,True
1.0616863296925656,1.0898697939588624,1.2552842063162415,1.1951761215486303,1.1951761215486303,True,False,False,True,False,False,False,False,False,False,False,True,False,False,True,False,True,False,True,False,False,False,True
0.4582649866402704,0.46901859162771753,0.657707672514996,0.5566720708792197,0.5566720708792195,True,False,False,False,True,False,False,False,False,False,False,True,False,False,True,False,True,False,False,True,False,False,True
0.5923586184296693,0.8139359262561313,0.3921181019366646,0.627616965398043,0.627616965398043,False,True,True,False,False,False,False,False,False,False,False,True,False,True,False,False,True,False,False,True,False,False,True
-0.14515635641202473,0.33105165777635204,0.4585154945812474,0.22559589645804332,0.22559589645804362,True,False,False,False,False,True,False,False,False,False,False,True,False,True,False,False,True,False,False,True,False,False,True
-1.6872331219901122,-1.669468883068448,-1.865393247979152,-1.831806044587836,-1.8318060445878355,True,False,False,False,False,False,True,False,False,True,False,False,False,True,False,False,True,True,False,False,False,False,True
1.598060856850161,0.4000351247020348,0.06013113871375037,0.7222101580898073,0.7222101580898075,False,True,False,False,True,False,False,False,False,True,False,False,False,False,True,False,True,False,False,True,False,False,True
-0.48039043588552205,-1.048617680737303,-1.1350219288887406,-0.9331707140160728,-0.9331707140160721,False,True,False,True,False,False,False,False,True,False,False,False,False,False,True,False,True,True,False,False,False,False,True
-1.0167649630431177,-2.6352374200280066,-2.1309828185574835,-2.020992429971365,-2.0209924299713644,False,True,True,False,False,False,False,False,False,False,False,False,True,False,True,False,True,False,False,False,True,True,False
-1.4190458584113144,-1.5315019492170825,-1.2678167141779064,-1.4770815719937187,-1.4770815719937183,False,True,True,False,False,False,False,False,False,True,False,False,False,True,False,False,True,True,False,False,False,False,True
-0.8156245153590194,-0.3587830114804756,-0.07266364657541531,-0.4365564523843088,-0.43655645238430824,True,False,False,False,True,False,False,False,False,False,True,False,False,False,True,True,False,False,False,True,False,False,True
1.3969204091660627,1.0208863270331796,0.5249128872258303,1.0296380343380418,1.0296380343380422,False,True,False,False,False,False,True,False,False,False,False,False,True,False,True,True,False,False,True,False,False,False,True
0.3912181707455709,0.7449524593304486,0.9896946357379102,0.745858456262748,0.7458584562627487,True,False,False,False,True,False,False,False,False,True,False,False,False,False,True,False,True,False,False,True,False,False,True
1.866248120428959,1.1588532608845452,1.2552842063162415,1.5026039977968648,1.502603997796865,False,True,False,True,False,False,False,False,False,False,False,False,True,False,True,True,False,False,True,False,False,False,True
-1.4190458584113144,-0.7037003461088894,-0.27185582450916385,-0.838577521324308,-0.8385775213243076,True,False,True,False,False,False,False,False,True,False,False,False,False,False,True,False,True,True,False,False,False,False,True
-0.3462968040961231,0.055117790073620984,0.5249128872258303,0.08370610742039647,0.0837061074203968,False,True,False,False,False,True,False,False,True,False,False,False,False,True,False,True,False,False,False,True,False,False,True
-0.4133436199908226,0.1930847239249865,-0.006266253930832468,-0.08183197979019118,-0.08183197979019118,True,False,False,True,False,False,False,False,False,True,False,False,False,True,False,False,True,False,False,True,False,False,True
0.7264522502190682,1.503770595512959,1.3216815989608244,1.242472717894512,1.2424727178945125,True,False,False,False,True,False,False,False,False,False,False,False,True,False,True,False,True,False,True,False,False,False,True
1.262826777376664,1.4347871285872762,1.5872711695391557,1.5026039977968648,1.502603997796865,True,False,True,False,False,False,False,False,False,False,False,False,True,False,True,True,False,False,True,False,False,False,True
0.7934990661137676,1.4347871285872762,1.6536685621837386,1.3607142087592181,1.3607142087592183,True,False,False,False,False,True,False,False,True,False,False,False,False,True,False,False,True,False,True,False,False,False,True
-1.1508585948325165,-1.1865846145886687,-1.1350219288887406,-1.2169502920913664,-1.2169502920913657,False,True,False,False,False,False,True,False,False,False,False,True,False,True,False,True,False,True,False,False,False,False,True
0.32417135485087145,1.227836727810228,0.9232972430933273,0.8640999471274541,0.8640999471274543,True,False,False,True,False,False,False,False,False,True,False,False,False,True,False,False,True,False,True,False,False,False,True
-1.217905410727216,-0.7726838130345721,-1.068624536244158,-1.0750605030537195,-1.075060503053719,True,False,False,False,True,False,False,False,False,False,False,False,True,True,False,False,True,True,False,False,False,False,True
-0.27924998820142366,-0.1518326107034273,-0.6702401803766609,-0.38925985603842617,-0.38925985603842594,False,True,False,False,True,False,False,False,False,True,False,False,False,False,True,False,True,False,False,True,False,False,True
-0.6815308835696204,-0.08284914377774454,0.12652853135833322,-0.223721768827838,-0.223721768827838,True,False,False,False,True,False,False,True,False,False,False,False,False,True,False,True,False,False,False,True,False,False,True
-0.07810954051732528,-0.013865676852061781,0.5249128872258303,0.15465100193921988,0.1546510019392202,True,False,False,False,True,False,False,False,False,False,False,False,True,False,True,False,True,False,False,True,False,False,True
0.19007772306147255,1.1588532608845452,0.8568998504487444,0.7695067544356898,0.7695067544356898,True,False,False,False,False,True,False,False,False,False,False,False,True,True,False,True,False,False,False,True,False,False,True
0.12303090716677309,-1.048617680737303,-1.002227143599575,-0.6730394341137198,-0.6730394341137196,False,True,False,True,False,False,False,False,False,False,False,False,True,False,True,False,True,True,False,False,False,False,True
-0.3462968040961231,-0.6347168791832066,-0.7366375730212437,-0.6020945395948964,-0.6020945395948962,True,False,True,False,False,False,False,False,False,False,False,True,False,True,False,False,True,True,False,False,False,False,True
0.5253118025349698,1.1588532608845452,1.388078991605407,1.0769346306839243,1.0769346306839247,True,False,False,False,True,False,False,False,True,False,False,False,False,True,False,True,False,False,True,False,False,False,True
-0.14515635641202473,-0.6347168791832066,-0.6702401803766609,-0.5075013469031322,-0.5075013469031316,False,True,True,False,False,False,False,False,True,False,False,False,False,False,True,False,True,False,False,True,False,False,True
0.7264522502190682,0.8829193931818141,1.388078991605407,1.0532863325109836,1.0532863325109834,True,False,False,True,False,False,False,False,False,True,False,False,False,False,True,True,False,False,True,False,False,False,True
-0.5474372517802215,-1.3245515484400343,-1.5334062847562377,-1.193301993918425,-1.1933019939184246,False,True,False,True,False,False,False,False,False,False,False,True,False,False,True,False,True,True,False,False,False,False,True
-0.4133436199908226,-0.3587830114804756,0.3921181019366646,-0.12912857613607379,-0.12912857613607345,True,False,False,False,True,False,False,False,False,True,False,False,False,False,True,True,False,False,False,True,False,False,True
0.4582649866402704,-0.3587830114804756,-0.7366375730212437,-0.223721768827838,-0.223721768827838,False,True,False,False,False,False,True,False,False,True,False,False,False,False,True,False,True,False,False,True,False,False,True
0.5923586184296693,0.8829193931818141,0.7241050651595787,0.7695067544356898,0.7695067544356898,True,False,True,False,False,False,False,False,False,True,False,False,False,False,True,True,False,False,False,True,False,False,True
-0.5474372517802215,-0.8416672799602549,-1.002227143599575,-0.838577521324308,-0.8385775213243076,False,True,False,True,False,False,False,True,False,False,False,False,False,True,False,True,False,True,False,False,False,False,True
-0.01106272462262583,0.5380020585534003,0.32572070929208174,0.29654079097686675,0.29654079097686703,True,False,False,False,True,False,False,True,False,False,False,False,False,False,True,False,True,False,False,True,False,False,True
-1.8213267537795113,-1.1865846145886687,-1.4670088921116549,-1.5716747646854836,-1.571674764685483,True,False,False,False,False,True,False,False,False,True,False,False,False,True,False,False,True,True,False,False,False,True,False
-0.14515635641202473,-0.7726838130345721,-1.1350219288887406,-0.7203360304596025,-0.7203360304596019,False,True,False,False,True,False,False,False,False,False,False,False,True,False,True,False,True,True,False,False,False,False,True
-2.6258885445159046,-1.738452349994131,-2.1309828185574835,-2.2811237098737176,-2.281123709873717,True,False,False,True,False,False,False,False,False,True,False,False,False,True,False,True,False,False,False,False,True,True,False
0.5253118025349698,0.5380020585534003,0.5249128872258303,0.5566720708792197,0.5566720708792195,False,True,False,True,False,False,False,False,False,False,False,True,False,True,False,True,False,False,False,True,False,False,True
-1.7542799378848117,-0.28979954455479284,-0.27185582450916385,-0.8149292231513667,-0.8149292231513664,True,False,False,False,False,True,False,False,False,False,False,False,True,True,False,True,False,True,False,False,False,False,True
1.598060856850161,1.0898697939588624,1.056092028382493,1.3134176124133354,1.3134176124133359,False,True,False,False,False,False,True,False,False,False,True,False,False,False,True,False,True,False,True,False,False,False,True
1.6651076727448606,1.0898697939588624,1.1224894210270757,1.3607142087592181,1.3607142087592183,False,True,False,False,True,False,False,False,False,False,True,False,False,False,True,True,False,False,True,False,False,False,True
-0.14515635641202473,-1.048617680737303,-1.2014193215333235,-0.838577521324308,-0.8385775213243076,False,True,False,False,False,True,False,False,False,True,False,False,False,False,True,False,True,True,False,False,False,False,True
-0.48039043588552205,0.1930847239249865,-0.006266253930832468,-0.10548027796313299,-0.10548027796313231,True,False,False,False,True,False,False,False,False,True,False,False,False,False,True,False,True,False,False,True,False,False,True
0.9275926979031666,0.4000351247020348,0.06013113871375037,0.4857271763603962,0.48572717636039614,False,True,False,False,False,True,False,True,False,False,False,False,False,False,True,False,True,False,False,True,False,False,True
0.32417135485087145,-0.1518326107034273,-0.07266364657541531,0.03640951107451385,0.03640951107451452,False,True,False,False,True,False,False,False,False,False,True,False,False,False,True,False,True,False,False,True,False,False,True
-0.3462968040961231,-0.08284914377774454,-0.3382532171537467,-0.27101836517372063,-0.2710183651737203,True,False,True,False,False,False,False,False,False,True,False,False,False,False,True,False,True,False,False,True,False,False,True
1.3969204091660627,1.0898697939588624,1.6536685621837386,1.4553074014509824,1.4553074014509828,True,False,False,False,False,False,True,False,False,False,False,True,False,False,True,False,True,False,True,False,False,False,True
1.0616863296925656,-0.1518326107034273,-0.47104800244291234,0.15465100193921988,0.1546510019392202,False,True,False,False,False,False,True,False,False,False,False,False,True,False,True,False,True,False,False,True,False,False,True
-0.27924998820142366,-0.3587830114804756,-0.8694323583104093,-0.531149645076073,-0.5311496450760728,False,True,False,False,True,False,False,False,False,False,False,False,True,False,True,False,True,False,False,True,False,False,True
2.0673885681130573,1.9176713970670556,1.852860740117487,2.0465148557745114,2.0465148557745114,True,False,False,True,False,False,False,False,True,False,False,False,False,False,True,False,True,False,True,False,False,False,True
0.5923586184296693,-0.08284914377774454,-0.205458431864581,0.10735440559333727,0.10735440559333793,False,True,False,True,False,False,False,False,False,False,False,True,False,True,False,False,True,False,False,True,False,False,True
-0.07810954051732528,0.6759689924047658,0.8568998504487444,0.509375474533337,0.5093754745333373,True,False,False,False,True,False,False,False,True,False,False,False,False,False,True,False,True,False,False,True,False,False,True
-0.9497181471484183,-1.393535015365717,-1.4670088921116549,-1.335191782956072,-1.3351917829560715,False,True,False,True,False,False,False,False,False,True,False,False,False,False,True,True,False,True,False,False,False,False,True
1.3969204091660627,0.26206819085066924,0.2593233166474989,0.6749135617439246,0.6749135617439252,False,True,False,False,True,False,False,True,False,False,False,False,False,True,False,False,True,False,False,True,False,False,True
-0.8826713312537188,-0.4967499453318411,-1.002227143599575,-0.838577521324308,-0.8385775213243076,True,False,False,False,True,False,False,True,False,False,False,False,False,False,True,False,True,True,False,False,False,False,True
0.9946395137978661,1.1588532608845452,1.2552842063162415,1.1951761215486303,1.1951761215486303,True,False,False,False,False,False,True,False,False,False,True,False,False,True,False,False,True,False,True,False,False,False,True
-1.8213267537795113,-1.8764192838454963,-1.9981880332683177,-1.997344131798424,-1.9973441317984233,False,True,False,False,False,True,False,False,True,False,False,False,False,True,False,True,False,False,False,False,True,True,False
0.32417135485087145,0.12410125699930374,0.7905024578041616,0.43843058001451357,0.43843058001451385,True,False,False,False,True,False,False,False,False,False,False,True,False,False,True,True,False,False,False,True,False,False,True
2.0673885681130573,1.6417375293643244,1.5208737768945728,1.8336801722180411,1.833680172218041,False,True,False,False,True,False,False,True,False,False,False,False,False,False,True,False,True,False,True,False,False,False,True
1.0616863296925656,0.8829193931818141,1.3216815989608244,1.1478795252027478,1.147879525202748,False,True,False,False,False,True,False,False,False,False,False,True,False,False,True,True,False,False,True,False,False,False,True
-0.48039043588552205,-1.117601147662986,-1.068624536244158,-0.9331707140160728,-0.9331707140160721,False,True,False,False,True,False,False,False,False,True,False,False,False,True,False,False,True,True,False,False,False,False,True
-0.3462968040961231,-1.8764192838454963,-1.798995855334569,-1.4061366774748953,-1.406136677474895,False,True,False,True,False,False,False,True,False,False,False,False,False,False,True,False,True,True,False,False,False,False,True
0.7934990661137676,0.33105165777635204,0.2593233166474989,0.4857271763603962,0.48572717636039614,False,True,False,False,False,False,True,True,False,False,False,False,False,True,False,True,False,False,False,True,False,False,True
-1.1508585948325165,-1.2555680815143515,-1.1350219288887406,-1.2405985902643073,-1.2405985902643069,False,True,False,False,True,False,False,True,False,False,False,False,False,True,False,False,True,True,False,False,False,False,True
-0.48039043588552205,-0.7726838130345721,-1.400611499467072,-0.9331707140160728,-0.9331707140160721,False,True,False,True,False,False,False,False,False,True,False,False,False,False,True,False,True,True,False,False,False,False,True
0.257124538956172,0.1930847239249865,0.5249128872258303,0.3438373873227493,0.3438373873227493,True,False,False,False,True,False,False,False,False,False,False,True,False,False,True,True,False,False,False,True,False,False,True
1.0616863296925656,1.0208863270331796,0.657707672514996,0.9586931398192183,0.9586931398192189,False,True,False,True,False,False,False,True,False,False,False,False,False,False,True,True,False,False,True,False,False,False,True
1.598060856850161,1.4347871285872762,0.9232972430933273,1.3843625069321588,1.3843625069321595,False,True,False,False,False,False,True,True,False,False,False,False,False,True,False,False,True,False,True,False,False,False,True
-1.5531394902007134,-0.4967499453318411,-0.47104800244291234,-0.8858741176701901,-0.8858741176701899,True,False,False,False,True,False,False,False,True,False,False,False,False,True,False,False,True,True,False,False,False,False,True
0.9275926979031666,-0.3587830114804756,-0.13906103921999816,0.15465100193921988,0.1546510019392202,False,True,False,False,True,False,False,False,False,False,False,True,False,True,False,False,True,False,False,True,False,False,True
0.9946395137978661,0.8829193931818141,1.056092028382493,1.0296380343380418,1.0296380343380422,False,True,False,False,False,True,False,False,False,False,False,True,False,False,True,False,True,False,True,False,False,False,True
-0.6144840676749209,-0.5657334122575238,-0.9358297509549922,-0.7439843286325433,-0.743984328632543,False,True,False,False,True,False,False,False,False,False,False,False,True,False,True,False,True,True,False,False,False,False,True
-0.48039043588552205,0.1930847239249865,0.7905024578041616,0.1782993001121607,0.17829930011216136,True,False,False,False,False,True,False,False,False,False,False,False,True,False,True,False,True,False,False,True,False,False,True
-0.14515635641202473,0.46901859162771753,0.3921181019366646,0.2492441946309841,0.24924419463098477,True,False,False,False,False,True,False,True,False,False,False,False,False,False,True,False,True,False,False,True,False,False,True
-0.2122031723067242,-0.3587830114804756,-0.13906103921999816,-0.24737006700077982,-0.24737006700077913,False,True,False,False,True,False,False,False,True,False,False,False,False,False,True,True,False,False,False,True,False,False,True
0.32417135485087145,0.055117790073620984,0.12652853135833322,0.1782993001121607,0.17829930011216136,True,False,False,False,False,False,True,False,True,False,False,False,False,False,True,True,False,False,False,True,False,False,True
-0.14515635641202473,0.26206819085066924,0.19292592400291605,0.10735440559333727,0.10735440559333793,True,False,False,True,False,False,False,False,False,True,False,False,False,True,False,False,True,False,False,True,False,False,True
-0.7485776994643198,-1.6004854161427653,-1.5998036774008206,-1.382488379301954,-1.3824883793019538,False,True,False,False,False,True,False,False,True,False,False,False,False,True,False,False,True,True,False,False,False,False,True
-1.0167649630431177,-1.2555680815143515,-0.9358297509549922,-1.1223570993996017,-1.1223570993996013,True,False,False,False,False,False,True,True,False,False,False,False,False,False,True,False,True,True,False,False,False,False,True
-0.27924998820142366,0.46901859162771753,0.7905024578041616,0.3438373873227493,0.3438373873227493,True,False,False,False,True,False,False,True,False,False,False,False,False,False,True,True,False,False,False,True,False,False,True
1.7992013045342596,2.124621797844104,1.7864633474729041,1.9992182594286287,1.999218259428629,True,False,False,False,False,False,True,True,False,False,False,False,False,False,True,True,False,False,True,False,False,False,True
-0.8156245153590194,0.1930847239249865,-0.603842787732078,-0.4365564523843088,-0.43655645238430824,False,True,False,False,True,False,False,False,False,True,False,False,False,True,False,False,True,False,False,True,False,False,True
0.19007772306147255,-0.28979954455479284,0.3921181019366646,0.10735440559333727,0.10735440559333793,True,False,False,False,False,True,False,False,False,False,False,True,False,True,False,False,True,False,False,True,False,False,True
-1.4860926743060139,-1.2555680815143515,-1.3342141068224893,-1.4297849756478367,-1.429784975647836,False,True,False,False,False,True,False,False,False,True,False,False,False,True,False,False,True,True,False,False,False,False,True
1.3298735932713632,1.0898697939588624,1.5208737768945728,1.3843625069321588,1.3843625069321595,True,False,False,False,False,False,True,False,False,False,False,True,False,False,True,True,False,False,True,False,False,False,True
1.262826777376664,1.5727540624386418,1.1224894210270757,1.3843625069321588,1.3843625069321595,True,False,False,False,False,False,True,True,False,False,False,False,False,False,True,False,True,False,True,False,False,False,True
-1.0838117789378172,-0.1518326107034273,0.32572070929208174,-0.31831496151960276,-0.31831496151960254,True,False,True,False,False,False,False,False,False,False,True,False,False,True,False,False,True,False,False,True,False,False,True
1.4639672250607623,0.33105165777635204,0.4585154945812474,0.7931550526086306,0.793155052608631,False,True,False,False,False,True,False,False,False,False,False,False,True,False,True,True,False,False,False,True,False,False,True
-0.48039043588552205,-0.4967499453318411,0.06013113871375037,-0.31831496151960276,-0.31831496151960254,True,False,False,False,False,False,True,True,False,False,False,False,False,False,True,False,True,False,False,True,False,False,True
-2.290654465042407,-2.4282870192509582,-1.9981880332683177,-2.352068604392541,-2.3520686043925405,True,False,False,False,False,False,True,False,False,False,False,False,True,True,False,False,True,False,False,False,True,True,False
-2.0224672014636096,-2.7732043538793723,-2.728559352358729,-2.6358481824678344,-2.635848182467834,False,True,False,True,False,False,False,False,False,True,False,False,False,True,False,False,True,False,False,False,True,True,False
-0.2122031723067242,0.606985525479083,0.7241050651595787,0.39113398366863095,0.3911339836686316,True,False,False,True,False,False,False,False,False,False,False,False,True,True,False,True,False,False,False,True,False,False,True
0.05598409127207363,-1.048617680737303,-0.3382532171537467,-0.4602047505572496,-0.46020475055724935,False,True,False,False,False,True,False,True,False,False,False,False,False,False,True,True,False,False,False,True,False,False,True
-0.07810954051732528,0.606985525479083,0.9232972430933273,0.509375474533337,0.5093754745333373,True,False,False,False,False,True,False,False,False,False,False,False,True,False,True,True,False,False,False,True,False,False,True
1.262826777376664,1.0208863270331796,1.388078991605407,1.2897693142403945,1.2897693142403948,False,True,False,False,False,True,False,False,False,False,True,False,False,False,True,False,True,False,True,False,False,False,True
0.4582649866402704,0.606985525479083,0.3921181019366646,0.509375474533337,0.5093754745333373,True,False,False,False,True,False,False,False,False,False,True,False,False,False,True,False,True,False,False,True,False,False,True
-2.1565608332530086,-1.4625184822913997,-1.798995855334569,-1.9027509391066593,-1.9027509391066588,True,False,True,False,False,False,False,False,False,True,False,False,False,True,False,True,False,True,False,False,False,True,False
1.7992013045342596,2.124621797844104,2.1184503106958186,2.1174597502933348,2.1174597502933348,True,False,False,False,False,True,False,False,True,False,False,False,False,True,False,True,False,False,True,False,False,False,True
0.05598409127207363,1.0208863270331796,1.056092028382493,0.745858456262748,0.7458584562627487,True,False,False,False,False,True,False,False,False,False,False,False,True,True,False,False,True,False,False,True,False,False,True
1.4639672250607623,0.5380020585534003,0.5913102798704131,0.9113965434733368,0.9113965434733367,False,True,False,False,False,True,False,False,False,False,False,True,False,False,True,False,True,False,True,False,False,False,True
-0.6144840676749209,-1.4625184822913997,-1.1350219288887406,-1.1223570993996017,-1.1223570993996013,False,True,False,True,False,False,False,False,False,True,False,False,False,False,True,False,True,True,False,False,False,False,True
0.8605458820084672,1.0208863270331796,1.5208737768945728,1.1951761215486303,1.1951761215486303,True,False,False,False,False,True,False,False,False,False,False,True,False,False,True,True,False,False,True,False,False,False,True
0.05598409127207363,0.4000351247020348,0.2593233166474989,0.2492441946309841,0.24924419463098477,True,False,False,False,True,False,False,False,True,False,False,False,False,True,False,False,True,False,False,True,False,False,True
0.257124538956172,-0.3587830114804756,0.12652853135833322,0.012761212901573048,0.012761212901573383,False,True,False,False,False,False,True,False,True,False,False,False,False,False,True,True,False,False,False,True,False,False,True
-1.0838117789378172,-1.8764192838454963,-1.3342141068224893,-1.50072987016666,-1.5007298701666594,False,True,False,False,False,True,False,False,True,False,False,False,False,True,False,False,True,True,False,False,False,False,True
0.19007772306147255,1.0208863270331796,0.9232972430933273,0.745858456262748,0.7458584562627487,True,False,True,False,False,False,False,False,False,False,False,True,False,False,True,False,True,False,False,True,False,False,True
-0.9497181471484183,-0.5657334122575238,-0.13906103921999816,-0.5784462414219557,-0.5784462414219551,True,False,False,False,True,False,False,False,True,False,False,False,False,False,True,True,False,True,False,False,False,False,True
-1.2849522266219155,-0.4967499453318411,-0.13906103921999816,-0.6730394341137198,-0.6730394341137196,True,False,False,False,True,False,False,False,True,False,False,False,False,True,False,True,False,True,False,False,False,False,True
-1.351999042516615,-0.5657334122575238,-0.8694323583104093,-0.9804673103619549,-0.9804673103619544,True,False,False,True,False,False,False,True,False,False,False,False,False,True,False,False,True,True,False,False,False,False,True
0.12303090716677309,0.055117790073620984,-0.13906103921999816,0.012761212901573048,0.012761212901573383,True,False,False,False,False,False,True,False,False,False,False,True,False,False,True,False,True,False,False,True,False,False,True
2.2685290157971556,2.124621797844104,2.1184503106958186,2.2829978375039226,2.2829978375039226,False,True,False,False,False,False,True,False,True,False,False,False,False,False,True,True,False,False,True,False,False,False,True
-1.4860926743060139,-0.5657334122575238,-1.068624536244158,-1.0987088012266604,-1.0987088012266601,True,False,False,False,True,False,False,False,False,True,False,False,False,False,True,False,True,True,False,False,False,False,True
-0.6144840676749209,0.5380020585534003,0.7905024578041616,0.2492441946309841,0.24924419463098477,True,False,False,False,True,False,False,True,False,False,False,False,False,False,True,True,False,False,False,True,False,False,True
1.6651076727448606,1.8486879301413728,1.5208737768945728,1.7627352776992178,1.7627352776992176,False,True,False,True,False,False,False,False,False,False,False,True,False,False,True,True,False,False,True,False,False,False,True
0.19007772306147255,0.055117790073620984,-0.07266364657541531,0.060057809247455664,0.06005780924745566,False,True,False,False,False,True,False,False,False,True,False,False,False,True,False,False,True,False,False,True,False,False,True
-2.089514017358309,-1.117601147662986,-1.4670088921116549,-1.642619659204307,-1.6426196592043063,True,False,False,False,True,False,False,False,False,True,False,False,False,True,False,False,True,True,False,False,False,True,False
0.3912181707455709,-0.22081607762911007,-0.13906103921999816,0.012761212901573048,0.012761212901573383,False,True,False,False,False,True,False,False,False,True,False,False,False,False,True,False,True,False,False,True,False,False,True
-0.8156245153590194,-0.28979954455479284,-0.205458431864581,-0.4602047505572496,-0.46020475055724935,True,False,False,True,False,False,False,True,False,False,False,False,False,True,False,False,True,False,False,True,False,False,True
0.5253118025349698,0.055117790073620984,0.06013113871375037,0.22559589645804332,0.22559589645804362,False,True,False,False,False,True,False,False,False,True,False,False,False,True,False,False,True,False,False,True,False,False,True
0.5253118025349698,-0.3587830114804756,-0.5374453950874952,-0.12912857613607379,-0.12912857613607345,False,True,False,False,False,False,True,False,False,False,False,False,True,False,True,True,False,False,False,True,False,False,True
-0.14515635641202473,-0.9106507468859377,-1.068624536244158,-0.7439843286325433,-0.743984328632543,False,True,False,False,False,False,True,True,False,False,False,False,False,True,False,False,True,True,False,False,False,False,True
-0.07810954051732528,-0.5657334122575238,0.19292592400291605,-0.1527768743090146,-0.15277687430901457,True,False,False,False,False,True,False,False,False,True,False,False,False,True,False,True,False,False,False,True,False,False,True
-1.351999042516615,-1.8074358169198135,-1.5998036774008206,-1.6662679573772476,-1.6662679573772474,False,True,False,False,False,False,True,True,False,False,False,False,False,True,False,True,False,True,False,False,False,False,True
-1.217905410727216,-0.9106507468859377,-1.1350219288887406,-1.146005397572543,-1.1460053975725424,True,False,False,False,True,False,False,False,False,False,False,False,True,True,False,False,True,True,False,False,False,False,True
0.05598409127207363,0.33105165777635204,0.12652853135833322,0.1782993001121607,0.17829930011216136,False,True,False,False,True,False,False,False,False,False,False,True,False,True,False,True,False,False,False,True,False,False,True
-0.27924998820142366,-0.8416672799602549,-0.4046506097983295,-0.531149645076073,-0.5311496450760728,False,True,False,False,False,True,False,False,False,False,False,True,False,True,False,False,True,False,False,True,False,False,True
-0.3462968040961231,0.12410125699930374,0.32572070929208174,0.03640951107451385,0.03640951107451452,False,True,False,False,False,True,False,True,False,False,False,False,False,True,False,True,False,False,False,True,False,False,True
0.257124538956172,0.4000351247020348,0.3921181019366646,0.36748568549569016,0.36748568549569044,False,True,False,False,True,False,False,False,True,False,False,False,False,True,False,True,False,False,False,True,False,False,True
2.134435384007757,1.227836727810228,1.45447638424999,1.6917903831803944,1.6917903831803942,False,True,False,False,True,False,False,True,False,False,False,False,False,False,True,True,False,False,True,False,False,False,True
0.257124538956172,-0.42776647840615833,-0.6702401803766609,-0.2946666633466619,-0.2946666633466614,False,True,False,False,False,True,False,False,False,False,False,True,False,True,False,False,True,False,False,True,False,False,True
0.05598409127207363,-0.8416672799602549,-1.002227143599575,-0.6257428377678378,-0.6257428377678373,False,True,True,False,False,False,False,True,False,False,False,False,False,False,True,False,True,True,False,False,False,False,True
-0.6144840676749209,-0.7726838130345721,-0.7366375730212437,-0.7439843286325433,-0.743984328632543,True,False,False,False,False,False,True,False,False,True,False,False,False,True,False,False,True,True,False,False,False,False,True
1.262826777376664,0.8139359262561313,1.1224894210270757,1.124231227029807,1.124231227029807,False,True,False,False,False,True,False,False,False,False,False,True,False,False,True,True,False,False,True,False,False,False,True
0.7264522502190682,-0.08284914377774454,0.06013113871375037,0.2492441946309841,0.24924419463098477,False,True,False,False,False,True,False,False,False,False,False,False,True,False,True,True,False,False,False,True,False,False,True
0.3912181707455709,-0.22081607762911007,0.2593233166474989,0.15465100193921988,0.1546510019392202,False,True,False,False,True,False,False,False,False,False,True,False,False,True,False,True,False,False,False,True,False,False,True
0.7934990661137676,1.503770595512959,1.852860740117487,1.4553074014509824,1.4553074014509828,True,False,False,False,False,True,False,False,False,False,True,False,False,False,True,False,True,False,True,False,False,False,True
0.9946395137978661,-0.22081607762911007,-0.27185582450916385,0.1782993001121607,0.17829930011216136,False,True,False,False,True,False,False,False,False,True,False,False,False,False,True,False,True,False,False,True,False,False,True
-0.3462968040961231,-0.4967499453318411,-0.47104800244291234,-0.4602047505572496,-0.46020475055724935,False,True,True,False,False,False,False,False,False,False,False,False,True,True,False,True,False,False,False,True,False,False,True
-0.5474372517802215,-0.08284914377774454,-0.47104800244291234,-0.38925985603842617,-0.38925985603842594,True,False,False,True,False,False,False,False,False,True,False,False,False,False,True,False,True,False,False,True,False,False,True
-0.8156245153590194,-0.5657334122575238,-0.6702401803766609,-0.7203360304596025,-0.7203360304596019,True,False,False,False,True,False,False,True,False,False,False,False,False,False,True,False,True,True,False,False,False,False,True
1.0616863296925656,0.8829193931818141,0.7905024578041616,0.9586931398192183,0.9586931398192189,False,True,False,True,False,False,False,False,False,True,False,False,False,False,True,False,True,False,True,False,False,False,True
-1.1508585948325165,-0.7726838130345721,-0.5374453950874952,-0.8622258194972493,-0.8622258194972487,True,False,False,False,False,True,False,False,False,False,False,True,False,True,False,False,True,True,False,False,False,False,True
-1.1508585948325165,-1.3245515484400343,-1.068624536244158,-1.2405985902643073,-1.2405985902643069,False,True,False,True,False,False,False,False,False,False,False,False,True,True,False,True,False,True,False,False,False,False,True
-0.6144840676749209,0.4000351247020348,0.32572070929208174,0.03640951107451385,0.03640951107451452,True,False,False,False,False,False,True,False,False,True,False,False,False,True,False,True,False,False,False,True,False,False,True
1.866248120428959,0.26206819085066924,0.19292592400291605,0.8168033507815715,0.8168033507815721,False,True,False,False,False,False,True,False,False,True,False,False,False,False,True,False,True,False,False,True,False,False,True
0.5923586184296693,0.5380020585534003,0.9896946357379102,0.745858456262748,0.7458584562627487,True,False,False,False,False,True,False,False,False,False,False,True,False,False,True,True,False,False,False,True,False,False,True
0.5253118025349698,0.33105165777635204,0.2593233166474989,0.39113398366863095,0.3911339836686316,True,False,False,False,False,False,True,False,False,False,False,False,True,True,False,False,True,False,False,True,False,False,True
-0.5474372517802215,-1.1865846145886687,-0.9358297509549922,-0.9331707140160728,-0.9331707140160721,False,True,False,False,True,False,False,False,False,True,False,False,False,False,True,True,False,True,False,False,False,False,True
-0.27924998820142366,-0.013865676852061781,0.06013113871375037,-0.08183197979019118,-0.08183197979019118,True,False,False,False,True,False,False,False,False,False,False,True,False,False,True,False,True,False,False,True,False,False,True
0.3912181707455709,-0.8416672799602549,-0.4046506097983295,-0.2946666633466619,-0.2946666633466614,False,True,False,False,False,False,True,True,False,False,False,False,False,False,True,False,True,False,False,True,False,False,True
1.1957799614819644,1.227836727810228,0.8568998504487444,1.1478795252027478,1.147879525202748,False,True,False,False,True,False,False,False,False,False,False,True,False,False,True,False,True,False,True,False,False,False,True
1.7321544886395601,2.124621797844104,2.1184503106958186,2.093811452120393,2.0938114521203937,True,False,False,False,False,True,False,False,False,False,True,False,False,False,True,False,True,False,True,False,False,False,True
-1.4190458584113144,-0.42776647840615833,-0.603842787732078,-0.8622258194972493,-0.8622258194972487,True,False,False,False,False,True,False,False,False,True,False,False,False,False,True,False,True,True,False,False,False,False,True
0.5923586184296693,0.8139359262561313,0.19292592400291605,0.5566720708792197,0.5566720708792195,False,True,False,False,True,False,False,False,False,True,False,False,False,False,True,False,True,False,False,True,False,False,True
-0.6815308835696204,-0.7726838130345721,-0.27185582450916385,-0.6020945395948964,-0.6020945395948962,True,False,True,False,False,False,False,False,False,False,False,True,False,False,True,False,True,True,False,False,False,False,True
-1.217905410727216,-1.048617680737303,-1.002227143599575,-1.146005397572543,-1.1460053975725424,True,False,False,False,False,True,False,False,False,False,False,False,True,True,False,False,True,True,False,False,False,False,True
2.2685290157971556,2.124621797844104,2.1184503106958186,2.2829978375039226,2.2829978375039226,True,False,False,False,False,False,True,True,False,False,False,False,False,False,True,False,True,False,True,False,False,False,True
-0.07810954051732528,0.46901859162771753,0.4585154945812474,0.29654079097686675,0.29654079097686703,True,False,False,False,True,False,False,False,False,False,False,False,True,True,False,True,False,False,False,True,False,False,True
0.3912181707455709,-0.8416672799602549,-0.6702401803766609,-0.38925985603842617,-0.38925985603842594,False,True,False,False,False,True,False,False,False,False,False,True,False,False,True,False,True,False,False,True,False,False,True
-0.27924998820142366,0.055117790073620984,0.2593233166474989,0.012761212901573048,0.012761212901573383,True,False,False,False,False,True,False,False,False,False,False,True,False,False,True,False,True,False,False,True,False,False,True
-0.01106272462262583,-0.08284914377774454,-0.27185582450916385,-0.12912857613607379,-0.12912857613607345,False,True,True,False,False,False,False,False,False,False,False,False,True,False,True,True,False,False,False,True,False,False,True
-0.2122031723067242,-0.42776647840615833,-0.5374453950874952,-0.41290815421136745,-0.4129081542113671,False,True,False,False,True,False,False,False,False,False,False,True,False,False,True,False,True,False,False,True,False,False,True
0.12303090716677309,0.46901859162771753,-0.07266364657541531,0.1782993001121607,0.17829930011216136,True,False,False,False,False,False,True,True,False,False,False,False,False,False,True,False,True,False,False,True,False,False,True
0.5923586184296693,1.0208863270331796,0.7905024578041616,0.8404516489545133,0.8404516489545132,True,False,False,True,False,False,False,False,True,False,False,False,False,False,True,False,True,False,False,True,False,False,True
1.5310140409554618,2.124621797844104,2.1184503106958186,2.0228665576015694,2.0228665576015703,True,False,False,False,False,True,False,False,True,False,False,False,False,False,True,False,True,False,True,False,False,False,True
0.7934990661137676,0.1930847239249865,0.06013113871375037,0.36748568549569016,0.36748568549569044,False,True,False,False,True,False,False,False,False,False,False,False,True,False,True,True,False,False,False,True,False,False,True
-0.8826713312537188,-1.3245515484400343,-0.5374453950874952,-0.9568190121890136,-0.9568190121890133,True,False,True,False,False,False,False,False,False,True,False,False,False,True,False,True,False,True,False,False,False,False,True
-1.1508585948325165,-0.28979954455479284,-0.47104800244291234,-0.6730394341137198,-0.6730394341137196,True,False,False,False,False,True,False,False,False,False,False,True,False,True,False,False,True,True,False,False,False,False,True
-0.8156245153590194,-0.42776647840615833,-0.07266364657541531,-0.4602047505572496,-0.46020475055724935,True,False,True,False,False,False,False,False,False,False,False,True,False,False,True,False,True,False,False,True,False,False,True
-0.14515635641202473,0.8829193931818141,0.5913102798704131,0.46207887818745436,0.462078878187455,True,False,False,False,True,False,False,False,False,False,False,True,False,False,True,True,False,False,False,True,False,False,True
-0.4133436199908226,-0.4967499453318411,-0.5374453950874952,-0.5075013469031322,-0.5075013469031316,False,True,False,True,False,False,False,False,False,False,False,True,False,True,False,True,False,False,False,True,False,False,True
-0.27924998820142366,-0.28979954455479284,-0.6702401803766609,-0.4365564523843088,-0.43655645238430824,False,True,False,False,True,False,False,True,False,False,False,False,False,False,True,False,True,False,False,True,False,False,True
-0.7485776994643198,-1.945402750771179,-1.3342141068224893,-1.4061366774748953,-1.406136677474895,False,True,False,False,False,True,False,False,False,True,False,False,False,False,True,True,False,True,False,False,False,False,True
1.6651076727448606,1.77970446321569,1.7200659548283213,1.8100318740450994,1.8100318740450998,True,False,False,False,True,False,False,True,False,False,False,False,False,False,True,False,True,False,True,False,False,False,True
-2.6258885445159046,-2.7732043538793723,-2.8032564190838847,-2.8752872014688635,-2.875287201468863,True,False,False,True,False,False,False,False,False,True,False,False,False,True,False,False,True,False,False,False,True,True,False
0.9946395137978661,0.606985525479083,0.657707672514996,0.7931550526086306,0.793155052608631,False,True,False,False,False,True,False,False,False,False,False,False,True,False,True,False,True,False,False,True,False,False,True
0.8605458820084672,1.0898697939588624,1.1888868136716586,1.1005829288568652,1.1005829288568658,False,True,False,True,False,False,False,False,False,False,False,False,True,False,True,True,False,False,True,False,False,False,True
0.7934990661137676,1.227836727810228,1.5208737768945728,1.242472717894512,1.2424727178945125,True,False,True,False,False,False,False,False,False,False,False,True,False,False,True,True,False,False,True,False,False,False,True
0.5253118025349698,0.4000351247020348,0.9232972430933273,0.6512652635709838,0.6512652635709841,True,False,False,False,True,False,False,False,False,False,False,False,True,False,True,False,True,False,False,True,False,False,True
-0.6144840676749209,-1.2555680815143515,-0.9358297509549922,-0.9804673103619549,-0.9804673103619544,False,True,True,False,False,False,False,False,False,True,False,False,False,False,True,False,True,True,False,False,False,False,True
-1.7542799378848117,-0.7037003461088894,-1.1350219288887406,-1.2642468884372484,-1.264246888437248,True,False,False,False,True,False,False,True,False,False,False,False,False,False,True,False,True,True,False,False,False,False,True
0.9946395137978661,0.4000351247020348,0.5249128872258303,0.6749135617439246,0.6749135617439252,False,True,False,False,False,False,True,False,False,False,False,False,True,False,True,True,False,False,False,True,False,False,True
-1.4860926743060139,-1.669468883068448,-1.5334062847562377,-1.642619659204307,-1.6426196592043063,True,False,True,False,False,False,False,False,False,False,False,False,True,True,False,False,True,True,False,False,False,False,True
0.05598409127207363,1.1588532608845452,0.9896946357379102,0.7695067544356898,0.7695067544356898,True,False,False,False,False,True,False,False,False,False,False,True,False,True,False,True,False,False,False,True,False,False,True
1.3298735932713632,0.8139359262561313,0.4585154945812474,0.9113965434733368,0.9113965434733367,False,True,False,False,False,False,True,False,False,True,False,False,False,True,False,True,False,False,True,False,False,False,True
-0.07810954051732528,0.8829193931818141,0.657707672514996,0.509375474533337,0.5093754745333373,True,False,False,True,False,False,False,False,False,False,False,False,True,False,True,True,False,False,False,True,False,False,True
-0.7485776994643198,0.46901859162771753,0.5249128872258303,0.08370610742039647,0.0837061074203968,True,False,False,False,False,True,False,True,False,False,False,False,False,True,False,False,True,False,False,True,False,False,True
-0.27924998820142366,0.1930847239249865,0.3921181019366646,0.10735440559333727,0.10735440559333793,True,False,False,False,False,True,False,False,True,False,False,False,False,True,False,False,True,False,False,True,False,False,True
-0.2122031723067242,-0.42776647840615833,-0.4046506097983295,-0.3656115578654854,-0.3656115578654848,False,True,True,False,False,False,False,False,False,True,False,False,False,False,True,False,True,False,False,True,False,False,True
1.4639672250607623,2.055638330918421,1.7864633474729041,1.857328470390982,1.8573284703909823,True,False,False,False,False,False,True,False,False,False,True,False,False,False,True,True,False,False,True,False,False,False,True
-0.27924998820142366,-0.9796342138116204,-0.8694323583104093,-0.7439843286325433,-0.743984328632543,False,True,False,False,True,False,False,False,False,True,False,False,False,True,False,False,True,True,False,False,False,False,True
-0.48039043588552205,0.12410125699930374,-0.205458431864581,-0.20007347065489722,-0.20007347065489686,True,False,False,False,True,False,False,False,False,True,False,False,False,True,False,True,False,False,False,True,False,False,True
0.12303090716677309,0.606985525479083,0.5913102798704131,0.46207887818745436,0.462078878187455,True,False,False,False,False,True,False,False,False,False,False,True,False,False,True,True,False,False,False,True,False,False,True
0.7264522502190682,1.1588532608845452,1.1888868136716586,1.0769346306839243,1.0769346306839247,True,False,False,False,False,True,False,False,False,False,False,True,False,True,False,False,True,False,True,False,False,False,True
